order_id,customer_id,order_date,channel,payment_method,coupon_code
O00001,C0372,2023-05-01,앱,간편결제,
O00002,C0341,2023-11-27,웹,카드,
O00003,C0191,2023-10-18,웹,카드,
O00004,C0044,2023-03-01,웹,간편결제,
O00005,C0132,2023-06-23,웹,계좌이체,
O00006,C0227,2023-11-13,앱,카드,
O00007,C0205,2023-06-09,앱,계좌이체,
O00008,C0072,2023-04-04,앱,카드,
O00009,C0388,2023-12-08,앱,계좌이체,
O00010,C0398,2023-03-06,웹,계좌이체,
O00011,C0362,2023-10-04,웹,간편결제,
O00012,C0297,2023-04-20,앱,간편결제,
O00013,C0248,2023-03-24,앱,간편결제,
O00014,C0261,2023-09-15,앱,카드,
O00015,C0178,2023-12-14,앱,계좌이체,
O00016,C0101,2023-11-01,웹,카드,
O00017,C0349,2023-06-14,앱,계좌이체,
O00018,C0134,2023-11-27,앱,간편결제,WELCOME
O00019,C0071,2023-10-10,웹,계좌이체,
O00020,C0062,2023-03-17,웹,계좌이체,WELCOME
O00021,C0188,2023-10-06,웹,카드,SPRING
O00022,C0354,2023-09-19,웹,간편결제,
O00023,C0178,2023-10-17,웹,계좌이체,
O00024,C0061,2023-06-22,제휴몰,카드,
O00025,C0350,2023-08-26,웹,카드,
O00026,C0211,2023-02-26,제휴몰,계좌이체,
O00027,C0242,2023-08-15,웹,간편결제,
O00028,C0312,2023-10-09,웹,계좌이체,WELCOME
O00029,C0291,2023-09-11,제휴몰,카드,SPRING
O00030,C0216,2023-08-05,앱,카드,
O00031,C0091,2023-10-02,제휴몰,계좌이체,
O00032,C0174,2023-03-01,앱,계좌이체,SPRING
O00033,C0231,2023-11-06,웹,카드,
O00034,C0049,2023-09-16,제휴몰,카드,
O00035,C0301,2023-05-26,앱,카드,
O00036,C0179,2023-11-20,웹,카드,WELCOME
O00037,C0259,2023-03-15,제휴몰,카드,WELCOME
O00038,C0115,2023-05-23,앱,간편결제,
O00039,C0156,2023-02-05,앱,카드,
O00040,C0100,2023-02-10,앱,간편결제,
O00041,C0326,2023-06-06,웹,카드,
O00042,C0200,2023-10-04,앱,카드,
O00043,C0311,2023-10-01,앱,계좌이체,
O00044,C0380,2023-11-28,웹,계좌이체,
O00045,C0350,2023-10-18,앱,계좌이체,
O00046,C0329,2023-12-07,앱,카드,
O00047,C0100,2023-04-23,웹,계좌이체,
O00048,C0238,2023-01-21,웹,간편결제,
O00049,C0355,2023-08-20,앱,계좌이체,
O00050,C0268,2023-04-08,앱,간편결제,
O00051,C0380,2023-08-01,앱,계좌이체,
O00052,C0117,2023-11-09,웹,간편결제,
O00053,C0165,2023-11-13,웹,계좌이체,
O00054,C0349,2023-03-26,제휴몰,간편결제,
O00055,C0168,2023-02-17,웹,간편결제,
O00056,C0275,2023-10-21,앱,계좌이체,VIP
O00057,C0213,2023-05-24,앱,계좌이체,WELCOME
O00058,C0067,2023-09-14,웹,카드,WELCOME
O00059,C0033,2023-12-13,제휴몰,카드,
O00060,C0238,2023-01-18,웹,카드,VIP
O00061,C0320,2023-09-03,웹,간편결제,
O00062,C0014,2023-09-16,앱,간편결제,
O00063,C0196,2023-09-17,웹,간편결제,
O00064,C0349,2023-01-14,웹,계좌이체,WELCOME
O00065,C0215,2023-02-09,앱,간편결제,
O00066,C0047,2023-10-20,앱,카드,
O00067,C0239,2023-02-03,앱,계좌이체,
O00068,C0057,2023-12-10,웹,계좌이체,
O00069,C0311,2023-05-12,웹,계좌이체,
O00070,C0310,2023-06-01,앱,카드,
O00071,C0226,2023-06-28,앱,간편결제,SPRING
O00072,C0088,2023-11-27,앱,카드,
O00073,C0217,2023-09-08,웹,계좌이체,
O00074,C0297,2023-04-09,앱,계좌이체,
O00075,C0394,2023-10-22,앱,카드,WELCOME
O00076,C0082,2023-09-03,제휴몰,간편결제,
O00077,C0201,2023-08-04,앱,계좌이체,
O00078,C0292,2023-03-07,웹,계좌이체,SPRING
O00079,C0131,2023-04-02,앱,카드,
O00080,C0362,2023-08-07,앱,계좌이체,SPRING
O00081,C0288,2023-02-09,웹,간편결제,
O00082,C0062,2023-06-05,제휴몰,간편결제,
O00083,C0098,2023-04-17,웹,카드,
O00084,C0054,2023-09-03,웹,간편결제,WELCOME
O00085,C0327,2023-12-05,제휴몰,간편결제,SPRING
O00086,C0265,2023-06-25,웹,계좌이체,
O00087,C0385,2023-11-03,웹,카드,
O00088,C0048,2023-06-03,웹,간편결제,
O00089,C0298,2023-09-27,웹,카드,
O00090,C0274,2023-12-23,앱,계좌이체,
O00091,C0255,2023-09-02,앱,계좌이체,
O00092,C0372,2023-04-03,앱,간편결제,
O00093,C0148,2023-05-23,제휴몰,카드,SPRING
O00094,C0066,2023-12-27,웹,간편결제,
O00095,C0373,2023-11-06,웹,카드,
O00096,C0106,2023-04-20,앱,간편결제,
O00097,C0333,2023-06-01,앱,간편결제,
O00098,C0388,2023-10-17,앱,카드,WELCOME
O00099,C0255,2023-08-07,웹,간편결제,
O00100,C0240,2023-06-19,웹,카드,WELCOME
O00101,C0006,2023-05-28,앱,계좌이체,
O00102,C0102,2023-05-14,앱,카드,
O00103,C0234,2023-08-08,앱,카드,
O00104,C0354,2023-10-19,제휴몰,계좌이체,
O00105,C0166,2023-06-10,앱,계좌이체,
O00106,C0185,2023-02-02,웹,카드,WELCOME
O00107,C0191,2023-09-20,앱,계좌이체,
O00108,C0071,2023-02-03,웹,카드,
O00109,C0002,2023-09-13,제휴몰,카드,SPRING
O00110,C0296,2023-11-21,앱,계좌이체,
O00111,C0191,2023-12-14,앱,카드,
O00112,C0140,2023-09-28,웹,간편결제,
O00113,C0355,2023-05-19,제휴몰,계좌이체,
O00114,C0213,2023-09-05,앱,간편결제,
O00115,C0002,2023-03-21,앱,카드,SPRING
O00116,C0356,2023-02-21,제휴몰,간편결제,
O00117,C0253,2023-11-22,웹,카드,
O00118,C0350,2023-01-24,웹,카드,
O00119,C0075,2023-01-17,앱,계좌이체,
O00120,C0146,2023-01-24,웹,계좌이체,
O00121,C0080,2023-09-22,웹,카드,
O00122,C0324,2023-04-13,앱,간편결제,
O00123,C0268,2023-12-26,앱,간편결제,
O00124,C0294,2023-02-02,웹,카드,
O00125,C0147,2023-01-23,웹,카드,VIP
O00126,C0323,2023-01-21,앱,간편결제,
O00127,C0304,2023-03-06,제휴몰,카드,SPRING
O00128,C0353,2023-05-26,앱,간편결제,
O00129,C0354,2023-08-13,앱,카드,
O00130,C0338,2023-03-01,앱,계좌이체,
O00131,C0391,2023-08-02,앱,계좌이체,VIP
O00132,C0242,2023-03-19,웹,카드,
O00133,C0117,2023-03-14,웹,카드,
O00134,C0054,2023-10-12,웹,간편결제,
O00135,C0371,2023-05-20,앱,카드,
O00136,C0062,2023-09-20,웹,카드,WELCOME
O00137,C0296,2023-01-06,웹,카드,
O00138,C0111,2023-05-02,웹,간편결제,
O00139,C0038,2023-11-25,앱,카드,
O00140,C0252,2023-11-15,앱,계좌이체,
O00141,C0276,2023-12-17,웹,계좌이체,
O00142,C0320,2023-02-07,웹,계좌이체,
O00143,C0362,2023-05-07,웹,간편결제,
O00144,C0256,2023-02-11,웹,카드,WELCOME
O00145,C0063,2023-08-25,웹,계좌이체,
O00146,C0062,2023-08-16,웹,계좌이체,
O00147,C0065,2023-06-15,웹,계좌이체,
O00148,C0244,2023-03-27,앱,카드,
O00149,C0007,2023-12-28,제휴몰,간편결제,SPRING
O00150,C0095,2023-05-06,앱,간편결제,
O00151,C0217,2023-08-23,웹,카드,
O00152,C0353,2023-12-13,제휴몰,간편결제,VIP
O00153,C0158,2023-12-01,웹,카드,
O00154,C0353,2023-06-04,웹,계좌이체,
O00155,C0150,2023-02-24,웹,카드,VIP
O00156,C0039,2023-08-11,웹,간편결제,
O00157,C0317,2023-06-11,웹,카드,
O00158,C0354,2023-02-21,웹,계좌이체,
O00159,C0348,2023-03-21,앱,간편결제,
O00160,C0250,2023-06-26,웹,간편결제,
O00161,C0101,2023-05-08,앱,간편결제,WELCOME
O00162,C0199,2023-01-13,웹,카드,SPRING
O00163,C0235,2023-08-23,웹,계좌이체,
O00164,C0244,2023-08-23,웹,간편결제,
O00165,C0190,2023-04-11,앱,계좌이체,VIP
O00166,C0311,2023-01-24,앱,계좌이체,VIP
O00167,C0347,2023-06-02,앱,간편결제,
O00168,C0316,2023-04-03,앱,계좌이체,
O00169,C0118,2023-08-26,웹,계좌이체,
O00170,C0306,2023-11-13,제휴몰,간편결제,
O00171,C0158,2023-11-23,앱,계좌이체,WELCOME
O00172,C0215,2023-06-18,웹,계좌이체,
O00173,C0229,2023-10-25,앱,계좌이체,
O00174,C0165,2023-10-21,웹,계좌이체,
O00175,C0369,2023-02-06,웹,계좌이체,
O00176,C0253,2023-04-15,웹,간편결제,
O00177,C0285,2023-01-25,웹,카드,
O00178,C0129,2023-12-06,앱,카드,WELCOME
O00179,C0185,2023-05-08,앱,계좌이체,
O00180,C0111,2023-01-13,웹,계좌이체,
O00181,C0001,2023-05-16,웹,간편결제,WELCOME
O00182,C0228,2023-02-04,웹,카드,VIP
O00183,C0060,2023-09-27,웹,카드,
O00184,C0262,2023-10-11,앱,계좌이체,WELCOME
O00185,C0062,2023-09-14,웹,간편결제,
O00186,C0254,2023-11-20,웹,간편결제,SPRING
O00187,C0019,2023-03-17,웹,간편결제,
O00188,C0286,2023-05-22,웹,계좌이체,
O00189,C0171,2023-01-03,웹,계좌이체,
O00190,C0201,2023-11-23,웹,카드,
O00191,C0313,2023-11-25,앱,계좌이체,
O00192,C0193,2023-01-14,앱,간편결제,
O00193,C0336,2023-08-23,앱,계좌이체,
O00194,C0014,2023-01-10,앱,간편결제,
O00195,C0111,2023-05-06,제휴몰,계좌이체,
O00196,C0154,2023-10-10,앱,간편결제,
O00197,C0018,2023-01-13,앱,간편결제,WELCOME
O00198,C0054,2023-10-07,웹,간편결제,VIP
O00199,C0153,2023-10-26,웹,카드,
O00200,C0318,2023-11-09,웹,카드,
O00201,C0141,2023-04-12,웹,카드,
O00202,C0395,2023-09-27,웹,간편결제,
O00203,C0111,2023-11-19,제휴몰,계좌이체,
O00204,C0194,2023-03-03,웹,계좌이체,
O00205,C0176,2023-02-21,웹,간편결제,
O00206,C0356,2023-12-09,제휴몰,간편결제,SPRING
O00207,C0149,2023-09-02,앱,카드,VIP
O00208,C0007,2023-09-07,웹,카드,
O00209,C0254,2023-08-20,웹,계좌이체,
O00210,C0313,2023-11-03,웹,간편결제,
O00211,C0296,2023-09-25,웹,계좌이체,SPRING
O00212,C0177,2023-06-28,웹,계좌이체,WELCOME
O00213,C0095,2023-03-17,앱,카드,
O00214,C0208,2023-03-20,웹,간편결제,
O00215,C0158,2023-06-22,앱,계좌이체,WELCOME
O00216,C0261,2023-12-28,웹,계좌이체,
O00217,C0208,2023-05-20,웹,간편결제,
O00218,C0214,2023-05-28,앱,카드,
O00219,C0295,2023-12-13,앱,카드,WELCOME
O00220,C0231,2023-02-24,앱,간편결제,
O00221,C0368,2023-03-20,앱,간편결제,WELCOME
O00222,C0136,2023-10-02,웹,카드,SPRING
O00223,C0028,2023-03-27,앱,계좌이체,
O00224,C0171,2023-04-02,제휴몰,간편결제,
O00225,C0103,2023-12-25,앱,계좌이체,
O00226,C0184,2023-06-27,앱,계좌이체,
O00227,C0005,2023-10-21,웹,간편결제,
O00228,C0254,2023-10-08,앱,계좌이체,
O00229,C0282,2023-10-23,앱,카드,
O00230,C0255,2023-01-20,웹,간편결제,
O00231,C0148,2023-05-13,웹,계좌이체,
O00232,C0385,2023-09-26,앱,간편결제,
O00233,C0037,2023-12-11,웹,계좌이체,
O00234,C0279,2023-03-02,웹,간편결제,
O00235,C0205,2023-06-17,웹,계좌이체,
O00236,C0387,2023-04-03,앱,카드,
O00237,C0053,2023-02-27,앱,간편결제,
O00238,C0141,2023-03-13,앱,카드,
O00239,C0148,2023-05-19,웹,계좌이체,
O00240,C0005,2023-02-16,앱,계좌이체,VIP
O00241,C0137,2023-09-04,웹,간편결제,
O00242,C0152,2023-12-04,웹,간편결제,
O00243,C0234,2023-01-27,앱,계좌이체,
O00244,C0073,2023-04-14,앱,간편결제,
O00245,C0240,2023-05-04,앱,계좌이체,SPRING
O00246,C0099,2023-11-26,앱,카드,WELCOME
O00247,C0377,2023-02-24,웹,카드,
O00248,C0373,2023-08-01,앱,간편결제,
O00249,C0015,2023-06-20,웹,계좌이체,WELCOME
O00250,C0120,2023-03-18,웹,카드,WELCOME
O00251,C0049,2023-06-09,웹,간편결제,
O00252,C0042,2023-10-17,웹,카드,SPRING
O00253,C0372,2023-02-12,웹,간편결제,WELCOME
O00254,C0112,2023-02-25,앱,계좌이체,
O00255,C0335,2023-02-07,웹,간편결제,
O00256,C0139,2023-10-09,제휴몰,카드,SPRING
O00257,C0270,2023-05-16,웹,카드,
O00258,C0146,2023-02-13,앱,간편결제,SPRING
O00259,C0261,2023-11-26,제휴몰,계좌이체,
O00260,C0332,2023-11-21,앱,카드,VIP
O00261,C0282,2023-06-07,앱,계좌이체,WELCOME
O00262,C0355,2023-09-25,앱,간편결제,
O00263,C0132,2023-12-13,제휴몰,카드,WELCOME
O00264,C0063,2023-08-26,앱,카드,
O00265,C0386,2023-02-07,웹,계좌이체,
O00266,C0026,2023-01-04,웹,간편결제,
O00267,C0289,2023-01-19,제휴몰,계좌이체,
O00268,C0308,2023-02-17,앱,간편결제,
O00269,C0325,2023-01-14,앱,카드,VIP
O00270,C0217,2023-12-14,웹,계좌이체,
O00271,C0107,2023-04-15,앱,카드,SPRING
O00272,C0088,2023-04-25,앱,계좌이체,
O00273,C0305,2023-01-28,웹,계좌이체,
O00274,C0275,2023-04-27,앱,간편결제,
O00275,C0282,2023-05-26,웹,카드,
O00276,C0288,2023-02-23,앱,계좌이체,
O00277,C0397,2023-06-26,웹,계좌이체,
O00278,C0161,2023-10-09,웹,계좌이체,
O00279,C0219,2023-12-03,앱,계좌이체,
O00280,C0011,2023-08-18,웹,간편결제,
O00281,C0227,2023-10-17,앱,카드,
O00282,C0098,2023-10-24,웹,계좌이체,VIP
O00283,C0196,2023-05-22,웹,계좌이체,VIP
O00284,C0047,2023-05-13,웹,계좌이체,
O00285,C0073,2023-05-15,앱,카드,
O00286,C0110,2023-12-09,웹,간편결제,
O00287,C0178,2023-04-22,웹,카드,
O00288,C0044,2023-12-19,웹,간편결제,
O00289,C0002,2023-09-02,웹,계좌이체,
O00290,C0140,2023-10-15,앱,간편결제,
O00291,C0228,2023-01-10,웹,간편결제,
O00292,C0330,2023-11-23,앱,간편결제,
O00293,C0396,2023-06-13,앱,계좌이체,
O00294,C0130,2023-05-25,웹,계좌이체,
O00295,C0349,2023-06-03,앱,계좌이체,SPRING
O00296,C0053,2023-03-11,앱,간편결제,SPRING
O00297,C0113,2023-02-04,앱,카드,
O00298,C0342,2023-08-02,앱,간편결제,
O00299,C0341,2023-10-13,앱,카드,
O00300,C0326,2023-10-13,앱,카드,
O00301,C0008,2023-03-07,앱,간편결제,
O00302,C0311,2023-06-16,앱,간편결제,
O00303,C0166,2023-01-26,앱,계좌이체,
O00304,C0141,2023-09-03,앱,카드,
O00305,C0301,2023-05-05,앱,계좌이체,
O00306,C0205,2023-01-16,앱,계좌이체,
O00307,C0221,2023-08-08,앱,카드,
O00308,C0125,2023-08-18,제휴몰,간편결제,
O00309,C0166,2023-10-04,웹,간편결제,
O00310,C0166,2023-11-23,웹,카드,
O00311,C0258,2023-05-19,앱,카드,
O00312,C0067,2023-04-10,제휴몰,카드,
O00313,C0075,2023-02-04,제휴몰,계좌이체,
O00314,C0024,2023-08-03,앱,계좌이체,WELCOME
O00315,C0236,2023-02-01,웹,계좌이체,
O00316,C0282,2023-04-27,웹,계좌이체,WELCOME
O00317,C0112,2023-02-13,웹,계좌이체,
O00318,C0148,2023-06-05,웹,계좌이체,SPRING
O00319,C0087,2023-03-01,앱,간편결제,
O00320,C0167,2023-01-22,앱,간편결제,
O00321,C0266,2023-02-17,웹,계좌이체,VIP
O00322,C0159,2023-10-16,앱,계좌이체,
O00323,C0375,2023-09-09,웹,카드,
O00324,C0165,2023-04-20,앱,간편결제,WELCOME
O00325,C0169,2023-12-18,웹,간편결제,
O00326,C0319,2023-06-20,앱,계좌이체,SPRING
O00327,C0353,2023-11-23,웹,카드,
O00328,C0226,2023-05-06,웹,카드,VIP
O00329,C0208,2023-05-07,앱,계좌이체,
O00330,C0291,2023-04-17,앱,카드,
O00331,C0199,2023-02-03,웹,계좌이체,
O00332,C0013,2023-12-22,웹,카드,SPRING
O00333,C0262,2023-08-08,웹,간편결제,
O00334,C0015,2023-10-11,앱,계좌이체,
O00335,C0240,2023-12-15,웹,계좌이체,
O00336,C0295,2023-06-21,웹,계좌이체,SPRING
O00337,C0305,2023-02-17,웹,카드,
O00338,C0309,2023-10-05,앱,카드,
O00339,C0231,2023-04-22,앱,간편결제,
O00340,C0189,2023-04-20,웹,계좌이체,
O00341,C0256,2023-01-24,웹,간편결제,
O00342,C0094,2023-01-28,웹,계좌이체,
O00343,C0331,2023-08-18,앱,계좌이체,
O00344,C0105,2023-08-18,웹,계좌이체,
O00345,C0273,2023-01-06,제휴몰,계좌이체,
O00346,C0115,2023-11-24,앱,계좌이체,
O00347,C0363,2023-08-28,앱,계좌이체,
O00348,C0359,2023-10-11,웹,간편결제,
O00349,C0141,2023-09-11,웹,계좌이체,WELCOME
O00350,C0191,2023-06-24,웹,카드,
O00351,C0184,2023-04-11,웹,간편결제,
O00352,C0226,2023-02-22,앱,계좌이체,
O00353,C0371,2023-12-24,앱,계좌이체,
O00354,C0101,2023-03-22,앱,간편결제,
O00355,C0095,2023-05-17,제휴몰,카드,
O00356,C0057,2023-08-24,앱,간편결제,WELCOME
O00357,C0391,2023-11-20,웹,계좌이체,
O00358,C0279,2023-08-17,제휴몰,간편결제,SPRING
O00359,C0389,2023-09-22,앱,카드,
O00360,C0149,2023-06-18,웹,계좌이체,SPRING
O00361,C0022,2023-03-04,앱,계좌이체,
O00362,C0293,2023-05-13,웹,간편결제,
O00363,C0051,2023-02-08,앱,계좌이체,
O00364,C0083,2023-03-06,앱,카드,
O00365,C0182,2023-01-27,웹,간편결제,
O00366,C0268,2023-08-20,웹,간편결제,
O00367,C0041,2023-11-25,웹,간편결제,
O00368,C0285,2023-10-09,웹,계좌이체,
O00369,C0363,2023-03-24,웹,카드,
O00370,C0155,2023-04-23,앱,카드,
O00371,C0009,2023-02-06,앱,카드,
O00372,C0063,2023-12-12,제휴몰,카드,WELCOME
O00373,C0147,2023-05-01,앱,간편결제,
O00374,C0222,2023-11-23,앱,카드,
O00375,C0294,2023-03-28,웹,카드,
O00376,C0340,2023-01-28,앱,계좌이체,WELCOME
O00377,C0329,2023-06-10,웹,계좌이체,
O00378,C0122,2023-01-08,웹,카드,
O00379,C0195,2023-04-24,제휴몰,카드,VIP
O00380,C0185,2023-03-10,앱,간편결제,
O00381,C0297,2023-01-21,웹,계좌이체,
O00382,C0253,2023-12-06,웹,카드,
O00383,C0308,2023-11-24,제휴몰,카드,
O00384,C0335,2023-10-23,앱,간편결제,
O00385,C0279,2023-04-09,앱,간편결제,
O00386,C0005,2023-03-06,앱,간편결제,
O00387,C0026,2023-10-03,앱,카드,
O00388,C0126,2023-02-26,앱,카드,
O00389,C0345,2023-09-06,제휴몰,간편결제,SPRING
O00390,C0245,2023-12-16,웹,간편결제,
O00391,C0085,2023-09-10,웹,카드,
O00392,C0162,2023-10-26,앱,계좌이체,
O00393,C0061,2023-05-10,앱,계좌이체,
O00394,C0112,2023-08-23,웹,간편결제,SPRING
O00395,C0071,2023-09-07,앱,간편결제,
O00396,C0034,2023-05-08,앱,간편결제,
O00397,C0201,2023-03-11,웹,카드,
O00398,C0182,2023-05-15,앱,간편결제,
O00399,C0059,2023-09-20,앱,카드,
O00400,C0129,2023-10-15,앱,계좌이체,
O00401,C0250,2023-02-09,앱,간편결제,
O00402,C0034,2023-03-19,웹,계좌이체,
O00403,C0064,2023-08-14,앱,간편결제,
O00404,C0047,2023-09-24,웹,계좌이체,
O00405,C0019,2023-11-23,앱,카드,SPRING
O00406,C0303,2023-06-02,웹,계좌이체,
O00407,C0001,2023-08-23,앱,계좌이체,SPRING
O00408,C0297,2023-11-15,제휴몰,계좌이체,
O00409,C0333,2023-09-19,앱,계좌이체,
O00410,C0255,2023-08-01,제휴몰,간편결제,
O00411,C0324,2023-11-15,앱,계좌이체,
O00412,C0308,2023-05-09,앱,간편결제,
O00413,C0036,2023-10-17,웹,계좌이체,
O00414,C0244,2023-12-21,웹,간편결제,
O00415,C0070,2023-11-12,웹,간편결제,
O00416,C0170,2023-05-09,웹,카드,SPRING
O00417,C0195,2023-05-05,앱,간편결제,
O00418,C0047,2023-08-25,앱,계좌이체,SPRING
O00419,C0104,2023-10-09,앱,간편결제,SPRING
O00420,C0228,2023-09-10,웹,계좌이체,
O00421,C0091,2023-01-02,웹,계좌이체,
O00422,C0391,2023-03-28,웹,간편결제,SPRING
O00423,C0031,2023-09-17,웹,간편결제,
O00424,C0089,2023-08-02,웹,간편결제,VIP
O00425,C0287,2023-02-06,웹,계좌이체,
O00426,C0236,2023-08-26,웹,카드,
O00427,C0010,2023-02-01,제휴몰,간편결제,
O00428,C0066,2023-09-09,웹,카드,
O00429,C0222,2023-01-08,앱,계좌이체,WELCOME
O00430,C0214,2023-08-15,제휴몰,카드,
O00431,C0163,2023-05-18,앱,간편결제,
O00432,C0362,2023-04-17,웹,계좌이체,
O00433,C0008,2023-05-24,웹,카드,
O00434,C0343,2023-05-12,웹,간편결제,
O00435,C0288,2023-04-12,웹,계좌이체,
O00436,C0267,2023-12-02,앱,카드,VIP
O00437,C0041,2023-06-16,앱,간편결제,
O00438,C0388,2023-11-12,앱,계좌이체,
O00439,C0359,2023-12-21,앱,간편결제,
O00440,C0018,2023-03-26,앱,카드,WELCOME
O00441,C0365,2023-09-14,제휴몰,카드,SPRING
O00442,C0165,2023-10-15,앱,간편결제,
O00443,C0098,2023-12-04,웹,계좌이체,
O00444,C0351,2023-04-15,웹,카드,WELCOME
O00445,C0273,2023-06-01,앱,계좌이체,WELCOME
O00446,C0220,2023-03-14,웹,계좌이체,
O00447,C0158,2023-04-14,웹,계좌이체,WELCOME
O00448,C0262,2023-06-08,제휴몰,계좌이체,
O00449,C0181,2023-08-27,웹,카드,WELCOME
O00450,C0072,2023-09-10,앱,카드,
O00451,C0399,2023-06-25,웹,카드,
O00452,C0264,2023-12-09,앱,계좌이체,
O00453,C0336,2023-06-08,앱,간편결제,WELCOME
O00454,C0148,2023-06-03,앱,계좌이체,
O00455,C0337,2023-09-25,앱,간편결제,VIP
O00456,C0026,2023-04-13,앱,간편결제,
O00457,C0389,2023-10-12,제휴몰,카드,VIP
O00458,C0149,2023-09-05,웹,카드,WELCOME
O00459,C0145,2023-01-02,제휴몰,카드,
O00460,C0347,2023-01-04,앱,계좌이체,
O00461,C0126,2023-09-10,웹,간편결제,
O00462,C0119,2023-09-12,웹,카드,
O00463,C0171,2023-12-13,웹,카드,
O00464,C0011,2023-06-27,앱,카드,
O00465,C0057,2023-04-16,앱,카드,
O00466,C0120,2023-12-01,웹,계좌이체,
O00467,C0376,2023-02-02,제휴몰,카드,
O00468,C0345,2023-10-12,웹,계좌이체,WELCOME
O00469,C0226,2023-04-08,앱,카드,
O00470,C0281,2023-10-03,웹,간편결제,
O00471,C0361,2023-01-19,앱,간편결제,
O00472,C0143,2023-11-24,웹,간편결제,
O00473,C0071,2023-02-22,앱,간편결제,
O00474,C0327,2023-01-02,제휴몰,카드,WELCOME
O00475,C0377,2023-04-19,웹,계좌이체,
O00476,C0381,2023-08-24,웹,계좌이체,
O00477,C0290,2023-11-15,앱,카드,
O00478,C0322,2023-09-18,제휴몰,간편결제,
O00479,C0095,2023-10-24,앱,계좌이체,WELCOME
O00480,C0147,2023-09-04,앱,간편결제,
O00481,C0363,2023-01-27,앱,간편결제,WELCOME
O00482,C0214,2023-10-20,웹,계좌이체,
O00483,C0326,2023-05-07,웹,카드,WELCOME
O00484,C0205,2023-08-01,앱,카드,
O00485,C0237,2023-04-18,앱,계좌이체,
O00486,C0297,2023-11-09,앱,간편결제,
O00487,C0326,2023-04-08,앱,계좌이체,
O00488,C0360,2023-05-17,웹,카드,
O00489,C0191,2023-02-25,앱,카드,SPRING
O00490,C0070,2023-05-06,제휴몰,간편결제,
O00491,C0367,2023-02-12,앱,계좌이체,
O00492,C0061,2023-05-26,웹,카드,
O00493,C0188,2023-12-04,앱,카드,
O00494,C0093,2023-09-01,제휴몰,간편결제,WELCOME
O00495,C0363,2023-05-15,웹,카드,
O00496,C0153,2023-04-04,웹,카드,
O00497,C0246,2023-03-06,웹,간편결제,
O00498,C0189,2023-01-11,웹,간편결제,
O00499,C0358,2023-08-12,앱,계좌이체,SPRING
O00500,C0021,2023-03-19,웹,카드,SPRING
O00501,C0105,2023-06-08,앱,계좌이체,SPRING
O00502,C0136,2023-11-23,앱,카드,
O00503,C0337,2023-12-04,웹,계좌이체,VIP
O00504,C0192,2023-06-25,웹,계좌이체,
O00505,C0217,2023-12-19,웹,계좌이체,
O00506,C0358,2023-04-02,웹,간편결제,
O00507,C0213,2023-12-04,앱,카드,
O00508,C0161,2023-02-07,웹,계좌이체,
O00509,C0241,2023-02-23,웹,계좌이체,
O00510,C0086,2023-03-11,앱,카드,
O00511,C0195,2023-08-13,웹,카드,
O00512,C0036,2023-04-21,웹,카드,
O00513,C0177,2023-05-23,웹,간편결제,
O00514,C0202,2023-05-08,앱,계좌이체,
O00515,C0273,2023-09-21,웹,카드,SPRING
O00516,C0256,2023-12-07,웹,계좌이체,SPRING
O00517,C0067,2023-12-01,앱,간편결제,
O00518,C0234,2023-01-01,앱,간편결제,
O00519,C0275,2023-03-16,제휴몰,간편결제,
O00520,C0017,2023-10-27,웹,계좌이체,
O00521,C0109,2023-02-16,앱,간편결제,
O00522,C0102,2023-05-13,앱,계좌이체,
O00523,C0092,2023-08-10,앱,카드,
O00524,C0152,2023-04-22,앱,간편결제,
O00525,C0399,2023-10-04,웹,간편결제,WELCOME
O00526,C0292,2023-11-08,앱,간편결제,
O00527,C0384,2023-11-07,웹,간편결제,
O00528,C0373,2023-06-17,웹,간편결제,WELCOME
O00529,C0259,2023-11-08,제휴몰,계좌이체,WELCOME
O00530,C0140,2023-03-23,앱,계좌이체,
O00531,C0056,2023-04-11,웹,계좌이체,
O00532,C0318,2023-08-25,웹,카드,WELCOME
O00533,C0239,2023-05-28,웹,카드,WELCOME
O00534,C0025,2023-01-16,앱,카드,SPRING
O00535,C0268,2023-03-17,웹,카드,SPRING
O00536,C0228,2023-03-19,앱,계좌이체,
O00537,C0163,2023-02-16,웹,계좌이체,WELCOME
O00538,C0125,2023-11-12,웹,간편결제,SPRING
O00539,C0119,2023-08-10,웹,간편결제,
O00540,C0131,2023-11-02,웹,간편결제,SPRING
O00541,C0323,2023-10-13,앱,간편결제,
O00542,C0099,2023-06-07,앱,간편결제,
O00543,C0226,2023-04-02,웹,카드,
O00544,C0242,2023-08-15,웹,카드,
O00545,C0296,2023-02-05,제휴몰,카드,WELCOME
O00546,C0321,2023-06-09,웹,카드,
O00547,C0356,2023-10-17,웹,계좌이체,WELCOME
O00548,C0243,2023-03-02,앱,카드,VIP
O00549,C0036,2023-01-27,앱,계좌이체,
O00550,C0251,2023-12-23,앱,카드,
O00551,C0271,2023-05-02,앱,간편결제,SPRING
O00552,C0069,2023-06-20,앱,카드,
O00553,C0175,2023-03-03,웹,계좌이체,WELCOME
O00554,C0096,2023-11-06,웹,간편결제,
O00555,C0292,2023-12-12,웹,카드,
O00556,C0064,2023-06-06,앱,계좌이체,
O00557,C0161,2023-05-09,앱,카드,
O00558,C0080,2023-12-14,앱,계좌이체,
O00559,C0193,2023-12-03,웹,카드,
O00560,C0303,2023-01-04,웹,계좌이체,
O00561,C0120,2023-04-14,웹,간편결제,WELCOME
O00562,C0075,2023-04-22,웹,카드,SPRING
O00563,C0331,2023-01-12,앱,간편결제,
O00564,C0136,2023-12-08,웹,계좌이체,WELCOME
O00565,C0342,2023-03-09,제휴몰,카드,
O00566,C0086,2023-05-16,웹,카드,
O00567,C0030,2023-03-13,앱,계좌이체,VIP
O00568,C0396,2023-01-08,앱,간편결제,
O00569,C0031,2023-01-03,웹,간편결제,
O00570,C0046,2023-05-19,앱,간편결제,WELCOME
O00571,C0265,2023-09-27,앱,간편결제,
O00572,C0181,2023-11-01,웹,간편결제,
O00573,C0006,2023-03-05,앱,카드,
O00574,C0296,2023-10-06,앱,카드,
O00575,C0060,2023-08-11,웹,카드,SPRING
O00576,C0262,2023-08-17,웹,간편결제,
O00577,C0308,2023-05-12,앱,계좌이체,
O00578,C0114,2023-11-16,앱,계좌이체,SPRING
O00579,C0027,2023-09-07,웹,계좌이체,SPRING
O00580,C0264,2023-06-27,웹,계좌이체,
O00581,C0348,2023-02-22,웹,간편결제,WELCOME
O00582,C0315,2023-05-26,앱,카드,SPRING
O00583,C0139,2023-04-12,앱,카드,
O00584,C0004,2023-04-22,웹,계좌이체,VIP
O00585,C0278,2023-09-18,앱,카드,
O00586,C0263,2023-12-26,앱,카드,
O00587,C0027,2023-02-04,앱,계좌이체,
O00588,C0382,2023-03-19,앱,계좌이체,
O00589,C0046,2023-08-10,앱,간편결제,
O00590,C0179,2023-03-17,웹,계좌이체,
O00591,C0169,2023-01-07,앱,간편결제,SPRING
O00592,C0264,2023-09-03,앱,간편결제,
O00593,C0246,2023-09-16,앱,카드,WELCOME
O00594,C0284,2023-02-06,웹,계좌이체,
O00595,C0294,2023-11-08,웹,계좌이체,SPRING
O00596,C0382,2023-12-27,앱,계좌이체,SPRING
O00597,C0205,2023-10-17,앱,간편결제,
O00598,C0296,2023-12-11,웹,간편결제,
O00599,C0165,2023-05-03,웹,카드,
O00600,C0325,2023-05-25,제휴몰,계좌이체,
O00601,C0067,2023-01-20,웹,간편결제,SPRING
O00602,C0216,2023-10-06,앱,간편결제,
O00603,C0130,2023-04-13,앱,계좌이체,
O00604,C0355,2023-08-13,앱,카드,WELCOME
O00605,C0116,2023-11-24,웹,계좌이체,VIP
O00606,C0216,2023-09-08,웹,계좌이체,
O00607,C0057,2023-11-01,제휴몰,카드,
O00608,C0358,2023-01-16,앱,카드,
O00609,C0203,2023-10-19,웹,간편결제,
O00610,C0129,2023-08-24,제휴몰,계좌이체,SPRING
O00611,C0143,2023-12-25,웹,카드,
O00612,C0222,2023-10-27,웹,계좌이체,
O00613,C0264,2023-06-27,제휴몰,계좌이체,VIP
O00614,C0149,2023-05-09,웹,계좌이체,
O00615,C0078,2023-10-07,앱,카드,WELCOME
O00616,C0107,2023-05-17,웹,간편결제,
O00617,C0071,2023-03-15,웹,카드,WELCOME
O00618,C0224,2023-09-28,웹,계좌이체,WELCOME
O00619,C0006,2023-06-02,웹,계좌이체,
O00620,C0264,2023-04-06,웹,계좌이체,WELCOME
O00621,C0059,2023-09-08,웹,카드,
O00622,C0057,2023-09-22,앱,카드,WELCOME
O00623,C0398,2023-01-08,앱,계좌이체,
O00624,C0014,2023-12-28,앱,계좌이체,
O00625,C0053,2023-05-20,제휴몰,계좌이체,WELCOME
O00626,C0093,2023-03-11,웹,계좌이체,
O00627,C0104,2023-02-11,앱,카드,
O00628,C0325,2023-09-04,웹,계좌이체,
O00629,C0035,2023-12-17,웹,계좌이체,
O00630,C0036,2023-09-19,앱,간편결제,
O00631,C0036,2023-04-13,웹,계좌이체,
O00632,C0177,2023-12-20,웹,간편결제,
O00633,C0081,2023-11-06,제휴몰,간편결제,
O00634,C0267,2023-08-03,웹,카드,WELCOME
O00635,C0175,2023-06-06,앱,카드,SPRING
O00636,C0269,2023-02-14,웹,계좌이체,
O00637,C0362,2023-06-24,앱,카드,
O00638,C0365,2023-03-05,웹,계좌이체,
O00639,C0074,2023-02-25,앱,카드,
O00640,C0282,2023-08-09,앱,카드,VIP
O00641,C0023,2023-12-21,제휴몰,카드,
O00642,C0010,2023-10-24,앱,카드,
O00643,C0293,2023-02-08,웹,카드,
O00644,C0021,2023-01-18,앱,계좌이체,
O00645,C0344,2023-01-19,웹,계좌이체,
O00646,C0096,2023-09-19,웹,간편결제,VIP
O00647,C0151,2023-11-17,앱,간편결제,
O00648,C0349,2023-02-17,앱,계좌이체,WELCOME
O00649,C0119,2023-04-24,제휴몰,카드,
O00650,C0191,2023-02-14,앱,계좌이체,SPRING
O00651,C0164,2023-05-09,앱,카드,
O00652,C0340,2023-11-08,웹,간편결제,
O00653,C0095,2023-02-07,웹,계좌이체,VIP
O00654,C0134,2023-09-26,제휴몰,간편결제,
O00655,C0047,2023-08-21,웹,카드,
O00656,C0067,2023-02-18,앱,카드,WELCOME
O00657,C0168,2023-06-10,앱,카드,
O00658,C0192,2023-01-08,웹,간편결제,WELCOME
O00659,C0356,2023-02-22,앱,계좌이체,
O00660,C0170,2023-03-03,앱,카드,
O00661,C0393,2023-08-14,앱,카드,
O00662,C0226,2023-06-03,웹,카드,SPRING
O00663,C0008,2023-10-07,앱,카드,
O00664,C0165,2023-01-13,웹,카드,WELCOME
O00665,C0218,2023-04-11,앱,카드,
O00666,C0392,2023-12-22,웹,카드,WELCOME
O00667,C0259,2023-05-14,앱,간편결제,
O00668,C0038,2023-03-12,웹,계좌이체,
O00669,C0196,2023-01-04,웹,간편결제,WELCOME
O00670,C0210,2023-04-05,앱,카드,
O00671,C0266,2023-04-24,제휴몰,계좌이체,
O00672,C0286,2023-02-06,웹,간편결제,
O00673,C0351,2023-10-28,제휴몰,계좌이체,
O00674,C0344,2023-08-11,제휴몰,계좌이체,SPRING
O00675,C0207,2023-02-09,앱,계좌이체,
O00676,C0230,2023-06-07,앱,카드,
O00677,C0012,2023-06-26,앱,계좌이체,VIP
O00678,C0353,2023-04-05,앱,간편결제,
O00679,C0014,2023-01-26,웹,카드,
O00680,C0029,2023-04-25,앱,카드,
O00681,C0260,2023-03-12,웹,카드,VIP
O00682,C0382,2023-08-23,앱,계좌이체,
O00683,C0304,2023-11-15,웹,계좌이체,
O00684,C0283,2023-02-01,앱,카드,SPRING
O00685,C0371,2023-05-23,앱,카드,
O00686,C0277,2023-09-12,앱,간편결제,
O00687,C0379,2023-11-20,웹,계좌이체,SPRING
O00688,C0303,2023-09-19,앱,계좌이체,
O00689,C0266,2023-09-23,웹,카드,
O00690,C0187,2023-06-15,웹,계좌이체,
O00691,C0259,2023-09-12,웹,간편결제,
O00692,C0292,2023-01-02,웹,카드,WELCOME
O00693,C0015,2023-05-19,제휴몰,간편결제,
O00694,C0096,2023-08-15,웹,간편결제,
O00695,C0029,2023-08-26,앱,간편결제,
O00696,C0259,2023-03-01,앱,카드,VIP
O00697,C0381,2023-08-18,웹,카드,
O00698,C0292,2023-03-14,제휴몰,카드,
O00699,C0336,2023-04-08,웹,간편결제,
O00700,C0202,2023-10-03,제휴몰,계좌이체,
O00701,C0104,2023-01-15,웹,간편결제,
O00702,C0228,2023-08-18,앱,계좌이체,VIP
O00703,C0149,2023-04-04,제휴몰,카드,
O00704,C0170,2023-08-28,앱,계좌이체,
O00705,C0332,2023-12-13,웹,카드,VIP
O00706,C0050,2023-09-25,웹,간편결제,
O00707,C0039,2023-03-15,앱,계좌이체,
O00708,C0033,2023-10-21,제휴몰,카드,
O00709,C0287,2023-09-08,웹,카드,
O00710,C0227,2023-11-12,앱,계좌이체,
O00711,C0112,2023-01-24,앱,카드,
O00712,C0393,2023-08-25,앱,간편결제,WELCOME
O00713,C0202,2023-08-06,웹,간편결제,SPRING
O00714,C0099,2023-09-19,웹,카드,
O00715,C0071,2023-04-25,앱,계좌이체,
O00716,C0207,2023-02-27,웹,카드,
O00717,C0075,2023-04-02,앱,간편결제,
O00718,C0377,2023-10-21,웹,계좌이체,
O00719,C0198,2023-06-14,웹,계좌이체,SPRING
O00720,C0336,2023-11-28,웹,계좌이체,
O00721,C0205,2023-01-16,제휴몰,계좌이체,
O00722,C0386,2023-12-02,앱,계좌이체,
O00723,C0240,2023-11-06,앱,간편결제,WELCOME
O00724,C0199,2023-11-15,앱,계좌이체,
O00725,C0009,2023-02-11,앱,간편결제,
O00726,C0049,2023-04-02,앱,간편결제,
O00727,C0376,2023-03-10,제휴몰,간편결제,SPRING
O00728,C0369,2023-05-17,웹,계좌이체,WELCOME
O00729,C0128,2023-08-25,웹,계좌이체,
O00730,C0228,2023-04-14,웹,간편결제,VIP
O00731,C0220,2023-04-20,앱,간편결제,
O00732,C0050,2023-08-12,웹,간편결제,
O00733,C0278,2023-04-08,앱,계좌이체,
O00734,C0049,2023-08-23,제휴몰,계좌이체,
O00735,C0143,2023-02-16,웹,카드,
O00736,C0046,2023-11-23,앱,카드,SPRING
O00737,C0031,2023-09-15,웹,간편결제,
O00738,C0107,2023-10-21,제휴몰,계좌이체,
O00739,C0270,2023-01-20,앱,카드,WELCOME
O00740,C0304,2023-10-06,앱,간편결제,
O00741,C0259,2023-05-06,웹,카드,
O00742,C0204,2023-12-09,웹,간편결제,
O00743,C0043,2023-06-05,웹,카드,WELCOME
O00744,C0165,2023-06-10,웹,간편결제,
O00745,C0310,2023-10-11,앱,간편결제,
O00746,C0309,2023-08-14,앱,카드,VIP
O00747,C0371,2023-04-13,앱,카드,WELCOME
O00748,C0286,2023-06-08,웹,카드,SPRING
O00749,C0185,2023-04-22,앱,카드,
O00750,C0375,2023-05-22,앱,계좌이체,
O00751,C0224,2023-12-10,웹,계좌이체,
O00752,C0119,2023-10-10,앱,계좌이체,
O00753,C0367,2023-11-05,앱,간편결제,WELCOME
O00754,C0097,2023-05-28,제휴몰,카드,
O00755,C0055,2023-01-28,앱,카드,
O00756,C0135,2023-12-19,앱,계좌이체,
O00757,C0278,2023-09-17,앱,카드,SPRING
O00758,C0323,2023-11-13,웹,간편결제,
O00759,C0315,2023-03-15,웹,카드,
O00760,C0045,2023-08-24,앱,계좌이체,
O00761,C0286,2023-10-17,웹,간편결제,
O00762,C0115,2023-02-12,웹,계좌이체,VIP
O00763,C0011,2023-11-07,앱,카드,SPRING
O00764,C0003,2023-09-28,앱,카드,WELCOME
O00765,C0391,2023-06-10,웹,카드,
O00766,C0376,2023-04-17,웹,간편결제,
O00767,C0198,2023-06-24,앱,카드,
O00768,C0306,2023-06-03,웹,카드,
O00769,C0318,2023-05-10,앱,간편결제,
O00770,C0298,2023-12-01,앱,계좌이체,
O00771,C0095,2023-10-09,앱,간편결제,
O00772,C0072,2023-10-08,웹,간편결제,VIP
O00773,C0053,2023-04-27,웹,간편결제,
O00774,C0120,2023-03-18,웹,계좌이체,
O00775,C0055,2023-03-19,제휴몰,간편결제,WELCOME
O00776,C0194,2023-03-25,앱,계좌이체,
O00777,C0304,2023-10-09,웹,계좌이체,
O00778,C0278,2023-08-25,앱,카드,VIP
O00779,C0263,2023-05-25,앱,카드,WELCOME
O00780,C0184,2023-10-26,앱,카드,SPRING
O00781,C0172,2023-04-11,앱,간편결제,
O00782,C0147,2023-10-08,웹,계좌이체,
O00783,C0187,2023-10-03,웹,간편결제,
O00784,C0355,2023-09-04,앱,카드,
O00785,C0167,2023-10-03,웹,계좌이체,
O00786,C0062,2023-06-06,웹,카드,WELCOME
O00787,C0183,2023-04-18,제휴몰,간편결제,
O00788,C0135,2023-05-08,앱,계좌이체,
O00789,C0243,2023-03-11,앱,카드,WELCOME
O00790,C0158,2023-08-26,웹,계좌이체,
O00791,C0221,2023-09-03,웹,계좌이체,WELCOME
O00792,C0347,2023-10-28,웹,카드,
O00793,C0244,2023-12-01,웹,간편결제,WELCOME
O00794,C0391,2023-01-27,앱,카드,
O00795,C0112,2023-04-02,앱,카드,
O00796,C0213,2023-02-15,웹,카드,SPRING
O00797,C0003,2023-12-08,제휴몰,계좌이체,
O00798,C0071,2023-02-28,앱,계좌이체,
O00799,C0339,2023-01-17,웹,카드,
O00800,C0351,2023-04-25,웹,카드,
O00801,C0165,2023-04-04,앱,계좌이체,VIP
O00802,C0083,2023-02-05,웹,카드,
O00803,C0072,2023-03-17,웹,간편결제,
O00804,C0020,2023-09-15,웹,간편결제,WELCOME
O00805,C0160,2023-04-20,앱,계좌이체,
O00806,C0174,2023-04-10,웹,간편결제,
O00807,C0272,2023-05-11,앱,간편결제,
O00808,C0320,2023-01-12,웹,카드,WELCOME
O00809,C0193,2023-12-07,웹,카드,
O00810,C0163,2023-06-19,앱,간편결제,
O00811,C0145,2023-12-25,웹,계좌이체,WELCOME
O00812,C0250,2023-05-20,제휴몰,간편결제,
O00813,C0270,2023-05-22,앱,간편결제,
O00814,C0192,2023-04-23,웹,간편결제,
O00815,C0327,2023-08-19,앱,카드,WELCOME
O00816,C0060,2023-12-19,앱,카드,
O00817,C0381,2023-06-02,앱,간편결제,SPRING
O00818,C0367,2023-06-07,앱,카드,
O00819,C0371,2023-05-22,웹,간편결제,SPRING
O00820,C0193,2023-11-12,웹,카드,WELCOME
O00821,C0080,2023-08-27,웹,간편결제,
O00822,C0114,2023-02-21,웹,카드,
O00823,C0230,2023-06-03,앱,간편결제,
O00824,C0096,2023-08-28,웹,카드,
O00825,C0361,2023-01-23,웹,카드,
O00826,C0062,2023-03-01,웹,간편결제,SPRING
O00827,C0241,2023-02-13,앱,카드,
O00828,C0389,2023-11-25,앱,카드,
O00829,C0330,2023-02-22,앱,카드,WELCOME
O00830,C0323,2023-06-15,앱,계좌이체,SPRING
O00831,C0126,2023-03-03,웹,간편결제,
O00832,C0008,2023-03-15,앱,카드,
O00833,C0058,2023-08-25,웹,계좌이체,
O00834,C0017,2023-10-15,앱,카드,
O00835,C0392,2023-11-01,앱,간편결제,WELCOME
O00836,C0170,2023-10-04,웹,계좌이체,
O00837,C0392,2023-02-04,웹,계좌이체,
O00838,C0117,2023-10-05,웹,간편결제,
O00839,C0191,2023-06-01,앱,계좌이체,
O00840,C0086,2023-05-16,앱,카드,
O00841,C0083,2023-02-27,앱,계좌이체,
O00842,C0231,2023-03-27,웹,카드,WELCOME
O00843,C0366,2023-01-06,앱,카드,
O00844,C0346,2023-02-06,웹,간편결제,
O00845,C0352,2023-09-16,앱,계좌이체,WELCOME
O00846,C0075,2023-03-19,웹,간편결제,
O00847,C0208,2023-03-10,웹,계좌이체,
O00848,C0131,2023-09-25,앱,카드,
O00849,C0027,2023-05-28,웹,카드,
O00850,C0195,2023-09-28,앱,계좌이체,SPRING
O00851,C0213,2023-10-23,웹,간편결제,VIP
O00852,C0255,2023-05-06,웹,카드,
O00853,C0236,2023-12-14,웹,카드,
O00854,C0010,2023-11-18,앱,간편결제,
O00855,C0257,2023-09-24,웹,계좌이체,
O00856,C0111,2023-11-04,웹,간편결제,
O00857,C0253,2023-08-02,앱,간편결제,
O00858,C0036,2023-05-14,웹,카드,WELCOME
O00859,C0113,2023-06-16,앱,계좌이체,WELCOME
O00860,C0395,2023-12-02,웹,간편결제,WELCOME
O00861,C0291,2023-12-24,웹,간편결제,
O00862,C0256,2023-05-03,앱,계좌이체,VIP
O00863,C0145,2023-06-01,웹,간편결제,WELCOME
O00864,C0397,2023-12-12,웹,간편결제,
O00865,C0139,2023-09-08,앱,계좌이체,
O00866,C0335,2023-06-14,웹,계좌이체,
O00867,C0181,2023-06-20,웹,간편결제,VIP
O00868,C0226,2023-10-16,웹,계좌이체,
O00869,C0107,2023-09-26,앱,간편결제,
O00870,C0166,2023-04-28,웹,계좌이체,
O00871,C0123,2023-11-28,웹,계좌이체,
O00872,C0226,2023-08-06,앱,간편결제,
O00873,C0109,2023-03-17,웹,카드,
O00874,C0220,2023-05-04,웹,카드,
O00875,C0112,2023-12-05,앱,카드,
O00876,C0232,2023-08-12,제휴몰,카드,
O00877,C0055,2023-08-03,웹,계좌이체,
O00878,C0253,2023-11-23,웹,간편결제,VIP
O00879,C0294,2023-10-22,제휴몰,계좌이체,
O00880,C0266,2023-12-16,웹,계좌이체,
O00881,C0294,2023-12-01,웹,카드,VIP
O00882,C0181,2023-03-20,웹,카드,WELCOME
O00883,C0204,2023-11-03,앱,카드,
O00884,C0261,2023-04-02,제휴몰,카드,SPRING
O00885,C0064,2023-01-09,앱,계좌이체,WELCOME
O00886,C0169,2023-04-05,웹,카드,
O00887,C0083,2023-10-10,앱,간편결제,
O00888,C0114,2023-04-15,웹,카드,
O00889,C0243,2023-12-04,제휴몰,계좌이체,
O00890,C0306,2023-06-20,앱,카드,
O00891,C0209,2023-03-27,웹,계좌이체,
O00892,C0085,2023-04-20,웹,간편결제,WELCOME
O00893,C0118,2023-08-28,웹,카드,WELCOME
O00894,C0041,2023-09-19,앱,카드,VIP
O00895,C0258,2023-06-13,앱,카드,
O00896,C0026,2023-11-20,앱,카드,WELCOME
O00897,C0111,2023-11-06,앱,간편결제,
O00898,C0256,2023-11-01,앱,간편결제,
O00899,C0190,2023-01-04,웹,계좌이체,WELCOME
O00900,C0374,2023-03-12,앱,계좌이체,
O00901,C0282,2023-09-27,웹,카드,
O00902,C0358,2023-03-03,제휴몰,간편결제,VIP
O00903,C0163,2023-06-08,제휴몰,계좌이체,
O00904,C0333,2023-08-07,웹,간편결제,WELCOME
O00905,C0363,2023-12-07,앱,카드,WELCOME
O00906,C0044,2023-10-27,앱,간편결제,
O00907,C0214,2023-09-23,앱,카드,
O00908,C0323,2023-03-06,웹,계좌이체,
O00909,C0052,2023-09-23,웹,간편결제,
O00910,C0275,2023-08-09,웹,간편결제,SPRING
O00911,C0090,2023-12-05,제휴몰,카드,WELCOME
O00912,C0001,2023-01-09,앱,계좌이체,WELCOME
O00913,C0249,2023-09-04,앱,간편결제,
O00914,C0239,2023-03-02,앱,간편결제,
O00915,C0009,2023-05-20,웹,계좌이체,
O00916,C0315,2023-10-08,앱,계좌이체,
O00917,C0392,2023-06-20,앱,간편결제,
O00918,C0332,2023-04-18,제휴몰,카드,WELCOME
O00919,C0291,2023-11-19,앱,간편결제,
O00920,C0113,2023-08-11,앱,카드,SPRING
O00921,C0055,2023-01-17,웹,간편결제,
O00922,C0114,2023-04-17,제휴몰,계좌이체,
O00923,C0161,2023-11-24,웹,계좌이체,
O00924,C0062,2023-06-24,앱,간편결제,
O00925,C0276,2023-06-24,앱,카드,
O00926,C0209,2023-09-07,앱,계좌이체,VIP
O00927,C0035,2023-04-07,웹,간편결제,WELCOME
O00928,C0089,2023-05-14,웹,카드,
O00929,C0123,2023-05-25,앱,간편결제,
O00930,C0072,2023-03-05,앱,계좌이체,
O00931,C0348,2023-03-22,웹,계좌이체,
O00932,C0335,2023-04-14,앱,카드,
O00933,C0224,2023-08-06,웹,계좌이체,
O00934,C0165,2023-05-08,앱,계좌이체,
O00935,C0251,2023-01-16,웹,계좌이체,
O00936,C0278,2023-02-23,웹,카드,
O00937,C0042,2023-05-25,앱,계좌이체,VIP
O00938,C0107,2023-04-14,앱,간편결제,
O00939,C0163,2023-02-16,앱,카드,
O00940,C0009,2023-05-24,웹,간편결제,
O00941,C0226,2023-02-21,앱,계좌이체,
O00942,C0109,2023-11-18,제휴몰,계좌이체,VIP
O00943,C0383,2023-03-01,웹,간편결제,
O00944,C0322,2023-01-14,앱,계좌이체,
O00945,C0207,2023-09-19,웹,간편결제,
O00946,C0097,2023-08-07,웹,계좌이체,
O00947,C0314,2023-08-28,앱,계좌이체,
O00948,C0089,2023-09-02,웹,카드,
O00949,C0163,2023-01-20,앱,간편결제,SPRING
O00950,C0129,2023-06-06,앱,계좌이체,
O00951,C0302,2023-04-08,웹,카드,
O00952,C0308,2023-09-02,제휴몰,간편결제,WELCOME
O00953,C0138,2023-10-28,앱,간편결제,
O00954,C0218,2023-08-16,웹,계좌이체,WELCOME
O00955,C0183,2023-09-18,앱,계좌이체,SPRING
O00956,C0330,2023-03-02,웹,간편결제,
O00957,C0052,2023-10-17,앱,간편결제,WELCOME
O00958,C0213,2023-03-26,웹,계좌이체,
O00959,C0341,2023-11-28,제휴몰,카드,
O00960,C0132,2023-03-05,제휴몰,간편결제,
O00961,C0083,2023-01-16,웹,계좌이체,
O00962,C0247,2023-04-04,앱,계좌이체,
O00963,C0236,2023-12-28,앱,간편결제,
O00964,C0377,2023-03-27,앱,간편결제,
O00965,C0124,2023-08-01,앱,간편결제,WELCOME
O00966,C0170,2023-06-18,웹,카드,
O00967,C0045,2023-04-15,웹,계좌이체,WELCOME
O00968,C0155,2023-08-05,웹,계좌이체,
O00969,C0391,2023-10-06,앱,간편결제,
O00970,C0228,2023-12-13,앱,간편결제,
O00971,C0069,2023-04-16,웹,카드,
O00972,C0028,2023-08-19,웹,카드,
O00973,C0142,2023-09-01,제휴몰,카드,VIP
O00974,C0312,2023-06-02,웹,카드,
O00975,C0277,2023-08-08,웹,간편결제,VIP
O00976,C0357,2023-02-11,앱,계좌이체,
O00977,C0190,2023-06-24,웹,계좌이체,
O00978,C0394,2023-06-03,웹,카드,
O00979,C0061,2023-08-03,제휴몰,계좌이체,
O00980,C0343,2023-11-10,웹,카드,
O00981,C0399,2023-10-24,앱,계좌이체,SPRING
O00982,C0053,2023-12-11,웹,계좌이체,
O00983,C0352,2023-12-18,앱,간편결제,
O00984,C0088,2023-06-17,웹,계좌이체,
O00985,C0032,2023-09-10,웹,간편결제,
O00986,C0179,2023-05-03,앱,계좌이체,
O00987,C0008,2023-12-19,웹,간편결제,
O00988,C0023,2023-04-23,제휴몰,카드,
O00989,C0024,2023-10-14,앱,카드,
O00990,C0046,2023-12-25,웹,카드,
O00991,C0038,2023-09-07,웹,계좌이체,
O00992,C0397,2023-09-26,앱,카드,
O00993,C0079,2023-04-25,앱,카드,VIP
O00994,C0230,2023-10-12,웹,카드,
O00995,C0031,2023-05-03,제휴몰,계좌이체,
O00996,C0118,2023-09-28,웹,간편결제,
O00997,C0201,2023-10-03,앱,계좌이체,VIP
O00998,C0143,2023-10-28,앱,간편결제,
O00999,C0246,2023-11-27,웹,계좌이체,
O01000,C0148,2023-04-08,웹,계좌이체,
O01001,C0152,2023-08-09,웹,계좌이체,
O01002,C0346,2023-04-12,앱,카드,VIP
O01003,C0039,2023-11-20,앱,계좌이체,
O01004,C0095,2023-09-05,웹,계좌이체,
O01005,C0079,2023-04-22,웹,카드,
O01006,C0241,2023-03-26,앱,간편결제,
O01007,C0055,2023-02-03,앱,간편결제,
O01008,C0372,2023-09-22,웹,계좌이체,
O01009,C0325,2023-05-09,웹,카드,
O01010,C0176,2023-12-06,웹,간편결제,
O01011,C0098,2023-04-05,앱,카드,
O01012,C0396,2023-08-11,웹,계좌이체,
O01013,C0337,2023-03-02,앱,계좌이체,
O01014,C0284,2023-09-10,앱,카드,
O01015,C0092,2023-10-09,앱,간편결제,SPRING
O01016,C0266,2023-04-25,제휴몰,계좌이체,WELCOME
O01017,C0237,2023-12-27,웹,간편결제,
O01018,C0271,2023-09-04,웹,카드,
O01019,C0198,2023-01-22,앱,간편결제,SPRING
O01020,C0346,2023-06-04,웹,간편결제,
O01021,C0010,2023-10-21,앱,계좌이체,
O01022,C0099,2023-11-21,웹,카드,
O01023,C0315,2023-12-14,앱,계좌이체,SPRING
O01024,C0223,2023-03-28,앱,카드,
O01025,C0132,2023-12-22,웹,계좌이체,
O01026,C0243,2023-06-20,앱,계좌이체,WELCOME
O01027,C0376,2023-08-22,웹,간편결제,
O01028,C0110,2023-08-03,앱,계좌이체,WELCOME
O01029,C0152,2023-04-10,앱,카드,WELCOME
O01030,C0121,2023-10-18,웹,카드,WELCOME
O01031,C0354,2023-01-26,웹,간편결제,
O01032,C0290,2023-02-08,앱,계좌이체,
O01033,C0046,2023-05-25,앱,계좌이체,
O01034,C0342,2023-10-05,웹,간편결제,
O01035,C0030,2023-02-18,앱,카드,
O01036,C0180,2023-05-25,앱,계좌이체,
O01037,C0135,2023-01-19,웹,카드,SPRING
O01038,C0178,2023-09-16,웹,카드,
O01039,C0379,2023-02-05,앱,카드,
O01040,C0324,2023-04-05,앱,카드,
O01041,C0179,2023-06-20,웹,간편결제,
O01042,C0290,2023-11-09,앱,계좌이체,
O01043,C0213,2023-03-06,웹,카드,
O01044,C0157,2023-02-15,앱,카드,
O01045,C0011,2023-01-01,웹,카드,
O01046,C0180,2023-10-24,앱,카드,WELCOME
O01047,C0393,2023-11-07,웹,간편결제,
O01048,C0096,2023-09-08,웹,카드,
O01049,C0191,2023-12-05,웹,카드,WELCOME
O01050,C0136,2023-10-28,웹,간편결제,WELCOME
O01051,C0348,2023-02-22,앱,카드,
O01052,C0291,2023-09-03,앱,카드,
O01053,C0328,2023-04-18,웹,카드,
O01054,C0203,2023-08-19,웹,계좌이체,
O01055,C0391,2023-06-24,앱,계좌이체,WELCOME
O01056,C0289,2023-09-26,앱,간편결제,
O01057,C0321,2023-05-17,앱,간편결제,
O01058,C0147,2023-03-03,앱,카드,WELCOME
O01059,C0362,2023-02-12,웹,계좌이체,
O01060,C0147,2023-01-02,웹,간편결제,
O01061,C0392,2023-04-26,웹,카드,
O01062,C0267,2023-09-28,웹,카드,WELCOME
O01063,C0202,2023-05-02,웹,카드,
O01064,C0040,2023-05-05,앱,계좌이체,SPRING
O01065,C0131,2023-12-11,앱,계좌이체,
O01066,C0115,2023-04-28,웹,간편결제,
O01067,C0075,2023-10-05,웹,카드,WELCOME
O01068,C0010,2023-09-22,앱,카드,
O01069,C0011,2023-08-09,웹,간편결제,WELCOME
O01070,C0163,2023-01-15,웹,간편결제,
O01071,C0325,2023-09-15,앱,계좌이체,
O01072,C0031,2023-06-14,앱,카드,SPRING
O01073,C0082,2023-05-24,웹,계좌이체,
O01074,C0153,2023-09-08,웹,카드,
O01075,C0321,2023-12-16,제휴몰,카드,
O01076,C0196,2023-06-26,앱,카드,
O01077,C0252,2023-04-11,웹,계좌이체,
O01078,C0357,2023-08-24,앱,간편결제,
O01079,C0244,2023-09-25,웹,계좌이체,
O01080,C0264,2023-10-25,앱,계좌이체,
O01081,C0014,2023-01-28,웹,계좌이체,
O01082,C0292,2023-08-13,앱,간편결제,
O01083,C0210,2023-04-18,웹,간편결제,WELCOME
O01084,C0352,2023-10-22,웹,간편결제,
O01085,C0324,2023-01-20,앱,카드,VIP
O01086,C0180,2023-11-27,앱,계좌이체,
O01087,C0182,2023-03-15,앱,계좌이체,
O01088,C0198,2023-01-06,제휴몰,계좌이체,VIP
O01089,C0139,2023-08-19,웹,카드,
O01090,C0215,2023-04-14,웹,카드,
O01091,C0200,2023-09-24,앱,카드,
O01092,C0036,2023-02-25,앱,간편결제,
O01093,C0267,2023-04-27,앱,간편결제,
O01094,C0167,2023-03-28,웹,카드,
O01095,C0271,2023-02-26,웹,카드,
O01096,C0337,2023-06-26,웹,카드,SPRING
O01097,C0074,2023-05-24,웹,간편결제,
O01098,C0028,2023-05-03,웹,간편결제,
O01099,C0271,2023-10-14,웹,간편결제,WELCOME
O01100,C0285,2023-10-09,앱,계좌이체,
O01101,C0040,2023-01-16,웹,계좌이체,WELCOME
O01102,C0016,2023-11-21,제휴몰,간편결제,
O01103,C0142,2023-10-01,웹,카드,SPRING
O01104,C0220,2023-11-22,웹,간편결제,
O01105,C0026,2023-12-11,앱,카드,
O01106,C0161,2023-04-17,앱,계좌이체,
O01107,C0244,2023-10-07,웹,간편결제,
O01108,C0304,2023-12-27,웹,계좌이체,
O01109,C0206,2023-05-05,웹,간편결제,WELCOME
O01110,C0396,2023-02-17,제휴몰,계좌이체,VIP
O01111,C0289,2023-09-21,앱,계좌이체,SPRING
O01112,C0079,2023-09-14,앱,카드,
O01113,C0224,2023-01-15,제휴몰,카드,
O01114,C0018,2023-09-02,제휴몰,계좌이체,VIP
O01115,C0156,2023-11-26,웹,계좌이체,WELCOME
O01116,C0021,2023-05-05,제휴몰,간편결제,
O01117,C0320,2023-05-16,제휴몰,계좌이체,SPRING
O01118,C0062,2023-06-21,웹,계좌이체,
O01119,C0202,2023-12-21,웹,계좌이체,
O01120,C0001,2023-11-03,웹,간편결제,
O01121,C0138,2023-08-24,웹,계좌이체,
O01122,C0371,2023-05-06,앱,간편결제,
O01123,C0232,2023-02-24,앱,간편결제,
O01124,C0100,2023-10-26,앱,카드,WELCOME
O01125,C0043,2023-12-26,제휴몰,간편결제,SPRING
O01126,C0016,2023-08-08,앱,간편결제,
O01127,C0130,2023-02-09,제휴몰,카드,
O01128,C0355,2023-05-12,앱,카드,
O01129,C0189,2023-09-19,웹,카드,
O01130,C0011,2023-09-10,앱,계좌이체,
O01131,C0282,2023-01-05,웹,간편결제,
O01132,C0380,2023-11-05,웹,간편결제,
O01133,C0233,2023-06-18,앱,계좌이체,
O01134,C0140,2023-08-17,앱,간편결제,
O01135,C0290,2023-01-21,웹,카드,WELCOME
O01136,C0167,2023-04-06,제휴몰,간편결제,
O01137,C0241,2023-06-01,웹,카드,
O01138,C0173,2023-11-18,웹,계좌이체,
O01139,C0146,2023-03-20,앱,간편결제,
O01140,C0028,2023-09-19,웹,간편결제,
O01141,C0294,2023-05-25,웹,계좌이체,
O01142,C0187,2023-01-19,웹,간편결제,
O01143,C0340,2023-12-05,웹,간편결제,
O01144,C0115,2023-06-05,앱,카드,
O01145,C0215,2023-10-21,앱,간편결제,
O01146,C0259,2023-08-25,웹,카드,
O01147,C0144,2023-11-04,웹,계좌이체,
O01148,C0203,2023-02-20,앱,카드,
O01149,C0285,2023-02-12,웹,계좌이체,
O01150,C0220,2023-09-27,앱,계좌이체,
O01151,C0385,2023-11-25,웹,간편결제,
O01152,C0253,2023-09-08,앱,계좌이체,
O01153,C0076,2023-09-06,웹,카드,
O01154,C0199,2023-03-06,앱,간편결제,VIP
O01155,C0225,2023-12-07,제휴몰,간편결제,SPRING
O01156,C0317,2023-04-21,앱,계좌이체,
O01157,C0156,2023-09-03,앱,간편결제,
O01158,C0203,2023-01-09,웹,계좌이체,SPRING
O01159,C0181,2023-02-25,웹,계좌이체,
O01160,C0222,2023-01-04,웹,간편결제,
O01161,C0237,2023-01-15,웹,간편결제,
O01162,C0273,2023-12-08,웹,카드,
O01163,C0340,2023-06-16,앱,간편결제,SPRING
O01164,C0364,2023-09-26,앱,카드,
O01165,C0321,2023-01-10,제휴몰,계좌이체,
O01166,C0379,2023-04-06,웹,계좌이체,
O01167,C0237,2023-11-08,앱,간편결제,
O01168,C0169,2023-12-23,앱,계좌이체,
O01169,C0266,2023-12-23,앱,계좌이체,
O01170,C0349,2023-12-08,앱,카드,VIP
O01171,C0383,2023-10-18,웹,간편결제,
O01172,C0391,2023-09-27,웹,간편결제,
O01173,C0212,2023-04-26,웹,간편결제,
O01174,C0317,2023-08-20,앱,카드,
O01175,C0190,2023-06-01,앱,간편결제,
O01176,C0151,2023-01-05,앱,카드,
O01177,C0089,2023-05-17,웹,카드,WELCOME
O01178,C0003,2023-09-02,앱,간편결제,
O01179,C0136,2023-06-06,제휴몰,계좌이체,SPRING
O01180,C0347,2023-02-11,앱,카드,SPRING
O01181,C0086,2023-01-07,웹,카드,
O01182,C0361,2023-10-23,웹,계좌이체,WELCOME
O01183,C0333,2023-09-12,제휴몰,카드,
O01184,C0187,2023-04-27,웹,계좌이체,
O01185,C0025,2023-05-08,웹,간편결제,
O01186,C0389,2023-05-19,앱,간편결제,
O01187,C0296,2023-11-09,앱,간편결제,SPRING
O01188,C0264,2023-02-13,제휴몰,계좌이체,SPRING
O01189,C0322,2023-04-20,앱,계좌이체,
O01190,C0126,2023-04-17,웹,계좌이체,
O01191,C0379,2023-10-26,앱,계좌이체,
O01192,C0021,2023-08-20,앱,카드,
O01193,C0209,2023-08-15,앱,계좌이체,
O01194,C0388,2023-05-22,앱,계좌이체,
O01195,C0393,2023-05-03,앱,계좌이체,
O01196,C0277,2023-08-11,앱,계좌이체,WELCOME
O01197,C0210,2023-06-23,앱,카드,
O01198,C0197,2023-06-12,웹,계좌이체,
O01199,C0241,2023-04-24,앱,카드,WELCOME
O01200,C0338,2023-11-28,앱,계좌이체,
O01201,C0014,2023-06-24,웹,계좌이체,
O01202,C0293,2023-05-12,앱,계좌이체,
O01203,C0266,2023-09-19,웹,간편결제,
O01204,C0243,2023-11-18,웹,계좌이체,
O01205,C0187,2023-05-07,앱,계좌이체,
O01206,C0179,2023-10-22,앱,간편결제,
O01207,C0028,2023-06-06,앱,카드,WELCOME
O01208,C0235,2023-12-24,앱,카드,
O01209,C0284,2023-09-15,앱,카드,
O01210,C0297,2023-11-25,웹,카드,
O01211,C0130,2023-04-19,웹,계좌이체,
O01212,C0133,2023-04-13,앱,계좌이체,
O01213,C0164,2023-04-08,앱,카드,
O01214,C0024,2023-05-26,앱,카드,
O01215,C0183,2023-09-01,앱,계좌이체,
O01216,C0129,2023-02-01,웹,간편결제,VIP
O01217,C0009,2023-03-01,웹,간편결제,
O01218,C0190,2023-11-27,웹,카드,SPRING
O01219,C0113,2023-12-13,앱,카드,
O01220,C0375,2023-08-24,앱,간편결제,
O01221,C0156,2023-12-16,앱,간편결제,WELCOME
O01222,C0303,2023-05-08,웹,간편결제,
O01223,C0003,2023-08-12,웹,카드,
O01224,C0097,2023-10-18,웹,간편결제,
O01225,C0043,2023-08-07,웹,계좌이체,WELCOME
O01226,C0218,2023-04-23,앱,간편결제,
O01227,C0142,2023-03-07,앱,간편결제,
O01228,C0329,2023-08-21,웹,계좌이체,
O01229,C0268,2023-02-18,웹,간편결제,
O01230,C0101,2023-02-23,웹,간편결제,VIP
O01231,C0361,2023-09-13,앱,간편결제,
O01232,C0258,2023-05-12,웹,계좌이체,
O01233,C0183,2023-01-17,웹,간편결제,
O01234,C0285,2023-02-21,앱,계좌이체,
O01235,C0316,2023-04-20,앱,카드,SPRING
O01236,C0193,2023-06-15,웹,간편결제,WELCOME
O01237,C0213,2023-06-01,웹,계좌이체,
O01238,C0226,2023-10-15,웹,간편결제,SPRING
O01239,C0239,2023-02-08,웹,카드,VIP
O01240,C0349,2023-05-21,웹,카드,WELCOME
O01241,C0157,2023-05-01,앱,계좌이체,
O01242,C0174,2023-01-20,앱,계좌이체,
O01243,C0275,2023-05-28,앱,계좌이체,VIP
O01244,C0152,2023-01-25,웹,계좌이체,
O01245,C0121,2023-11-18,앱,계좌이체,SPRING
O01246,C0225,2023-09-13,앱,간편결제,
O01247,C0213,2023-05-01,웹,계좌이체,
O01248,C0351,2023-12-10,웹,카드,
O01249,C0208,2023-02-02,웹,계좌이체,
O01250,C0312,2023-02-19,앱,계좌이체,
O01251,C0178,2023-06-15,제휴몰,간편결제,
O01252,C0145,2023-04-20,앱,간편결제,
O01253,C0329,2023-04-28,웹,간편결제,
O01254,C0255,2023-09-16,웹,간편결제,WELCOME
O01255,C0018,2023-08-05,웹,카드,
O01256,C0048,2023-10-15,웹,계좌이체,SPRING
O01257,C0065,2023-09-05,앱,계좌이체,
O01258,C0169,2023-08-27,앱,간편결제,
O01259,C0019,2023-04-17,웹,간편결제,WELCOME
O01260,C0199,2023-05-12,앱,카드,WELCOME
O01261,C0117,2023-06-19,웹,카드,
O01262,C0154,2023-03-05,제휴몰,카드,WELCOME
O01263,C0175,2023-01-21,웹,간편결제,
O01264,C0003,2023-09-21,앱,계좌이체,
O01265,C0241,2023-01-06,앱,간편결제,
O01266,C0241,2023-03-16,앱,간편결제,
O01267,C0369,2023-10-11,웹,계좌이체,
O01268,C0313,2023-04-12,제휴몰,계좌이체,
O01269,C0247,2023-03-28,웹,카드,
O01270,C0205,2023-06-18,웹,계좌이체,
O01271,C0255,2023-05-08,제휴몰,간편결제,WELCOME
O01272,C0008,2023-01-28,앱,간편결제,
O01273,C0227,2023-11-05,웹,계좌이체,
O01274,C0371,2023-04-28,앱,계좌이체,
O01275,C0217,2023-02-26,제휴몰,카드,
O01276,C0233,2023-02-25,앱,간편결제,
O01277,C0267,2023-12-13,앱,계좌이체,WELCOME
O01278,C0157,2023-02-08,웹,간편결제,
O01279,C0173,2023-08-21,웹,카드,
O01280,C0013,2023-12-23,웹,카드,
O01281,C0289,2023-09-09,웹,계좌이체,
O01282,C0198,2023-10-24,앱,간편결제,
O01283,C0038,2023-10-22,웹,카드,
O01284,C0302,2023-03-28,앱,카드,
O01285,C0014,2023-06-04,앱,카드,WELCOME
O01286,C0001,2023-02-23,앱,카드,
O01287,C0217,2023-02-10,앱,카드,
O01288,C0347,2023-04-22,웹,카드,
O01289,C0381,2023-11-20,웹,카드,
O01290,C0332,2023-05-07,앱,카드,
O01291,C0083,2023-05-28,제휴몰,계좌이체,
O01292,C0244,2023-01-09,앱,계좌이체,
O01293,C0387,2023-08-23,앱,카드,
O01294,C0085,2023-08-04,앱,간편결제,
O01295,C0097,2023-11-28,웹,간편결제,WELCOME
O01296,C0149,2023-06-04,앱,계좌이체,
O01297,C0199,2023-03-15,웹,계좌이체,
O01298,C0128,2023-08-10,앱,간편결제,VIP
O01299,C0098,2023-12-21,제휴몰,카드,
O01300,C0046,2023-05-09,앱,카드,SPRING
O01301,C0198,2023-12-24,앱,계좌이체,WELCOME
O01302,C0272,2023-11-22,앱,계좌이체,
O01303,C0090,2023-09-23,웹,계좌이체,
O01304,C0372,2023-05-04,웹,계좌이체,
O01305,C0211,2023-09-15,앱,계좌이체,
O01306,C0075,2023-08-09,앱,카드,
O01307,C0081,2023-09-06,제휴몰,계좌이체,VIP
O01308,C0255,2023-10-06,앱,계좌이체,WELCOME
O01309,C0291,2023-12-14,앱,카드,
O01310,C0017,2023-03-06,웹,카드,
O01311,C0125,2023-12-13,앱,카드,
O01312,C0291,2023-01-16,제휴몰,간편결제,
O01313,C0352,2023-12-27,앱,간편결제,VIP
O01314,C0236,2023-12-24,웹,카드,WELCOME
O01315,C0332,2023-04-16,웹,카드,
O01316,C0168,2023-04-08,앱,카드,
O01317,C0190,2023-05-03,제휴몰,카드,
O01318,C0092,2023-02-01,앱,간편결제,
O01319,C0067,2023-01-03,웹,계좌이체,WELCOME
O01320,C0240,2023-04-26,웹,계좌이체,
O01321,C0281,2023-09-01,웹,계좌이체,
O01322,C0085,2023-09-19,웹,간편결제,
O01323,C0290,2023-06-06,앱,간편결제,VIP
O01324,C0276,2023-11-07,웹,카드,
O01325,C0113,2023-10-25,앱,계좌이체,WELCOME
O01326,C0380,2023-04-01,웹,카드,
O01327,C0151,2023-12-13,웹,카드,
O01328,C0112,2023-04-04,앱,간편결제,WELCOME
O01329,C0251,2023-06-18,웹,계좌이체,
O01330,C0137,2023-03-01,웹,계좌이체,
O01331,C0336,2023-06-28,앱,간편결제,
O01332,C0224,2023-01-27,웹,카드,
O01333,C0239,2023-05-21,앱,계좌이체,SPRING
O01334,C0252,2023-10-03,웹,계좌이체,
O01335,C0072,2023-10-22,웹,카드,
O01336,C0027,2023-11-03,앱,계좌이체,
O01337,C0348,2023-12-10,웹,간편결제,
O01338,C0253,2023-06-04,웹,계좌이체,SPRING
O01339,C0161,2023-10-24,웹,계좌이체,
O01340,C0054,2023-12-28,앱,계좌이체,
O01341,C0108,2023-04-28,앱,카드,VIP
O01342,C0329,2023-10-23,앱,계좌이체,
O01343,C0167,2023-09-12,웹,계좌이체,
O01344,C0300,2023-05-25,웹,카드,WELCOME
O01345,C0137,2023-06-27,앱,카드,
O01346,C0358,2023-02-13,웹,카드,SPRING
O01347,C0036,2023-12-23,제휴몰,간편결제,
O01348,C0249,2023-09-05,앱,간편결제,
O01349,C0193,2023-12-20,앱,간편결제,
O01350,C0093,2023-08-14,웹,카드,
O01351,C0009,2023-06-02,웹,간편결제,
O01352,C0321,2023-12-19,웹,계좌이체,
O01353,C0035,2023-03-03,웹,카드,
O01354,C0321,2023-08-07,웹,간편결제,
O01355,C0071,2023-03-12,웹,간편결제,WELCOME
O01356,C0251,2023-05-10,웹,계좌이체,WELCOME
O01357,C0213,2023-02-15,웹,간편결제,
O01358,C0200,2023-05-23,제휴몰,카드,
O01359,C0306,2023-02-18,웹,카드,WELCOME
O01360,C0209,2023-12-17,제휴몰,계좌이체,
O01361,C0080,2023-11-21,제휴몰,간편결제,WELCOME
O01362,C0388,2023-06-07,웹,간편결제,
O01363,C0343,2023-03-20,앱,계좌이체,WELCOME
O01364,C0018,2023-11-02,웹,계좌이체,WELCOME
O01365,C0391,2023-08-28,앱,계좌이체,
O01366,C0059,2023-10-24,앱,간편결제,
O01367,C0169,2023-10-21,제휴몰,계좌이체,
O01368,C0085,2023-08-23,앱,간편결제,
O01369,C0360,2023-11-10,웹,카드,WELCOME
O01370,C0185,2023-01-03,앱,간편결제,
O01371,C0296,2023-05-01,웹,계좌이체,VIP
O01372,C0195,2023-04-15,웹,간편결제,WELCOME
O01373,C0273,2023-05-19,웹,간편결제,
O01374,C0349,2023-08-14,앱,계좌이체,
O01375,C0059,2023-08-09,제휴몰,계좌이체,
O01376,C0196,2023-04-12,앱,간편결제,
O01377,C0104,2023-01-06,웹,카드,
O01378,C0115,2023-05-07,웹,계좌이체,
O01379,C0386,2023-08-23,웹,계좌이체,
O01380,C0164,2023-11-27,웹,카드,VIP
O01381,C0108,2023-10-06,웹,카드,
O01382,C0125,2023-08-02,웹,간편결제,
O01383,C0057,2023-04-12,웹,카드,VIP
O01384,C0143,2023-08-27,웹,카드,
O01385,C0075,2023-06-25,앱,카드,WELCOME
O01386,C0047,2023-09-01,앱,카드,
O01387,C0059,2023-09-18,제휴몰,간편결제,
O01388,C0270,2023-09-05,앱,카드,
O01389,C0225,2023-11-02,앱,간편결제,
O01390,C0012,2023-11-01,앱,간편결제,VIP
O01391,C0378,2023-09-18,앱,계좌이체,
O01392,C0163,2023-09-11,웹,계좌이체,WELCOME
O01393,C0347,2023-03-15,웹,카드,VIP
O01394,C0161,2023-06-12,앱,카드,
O01395,C0075,2023-12-20,웹,간편결제,VIP
O01396,C0264,2023-03-23,웹,카드,WELCOME
O01397,C0132,2023-11-17,앱,카드,WELCOME
O01398,C0121,2023-01-22,웹,간편결제,
O01399,C0156,2023-03-09,앱,카드,
O01400,C0399,2023-12-18,앱,카드,SPRING
O01401,C0385,2023-09-11,웹,카드,
O01402,C0287,2023-11-18,웹,계좌이체,VIP
O01403,C0075,2023-11-04,앱,계좌이체,
O01404,C0361,2023-03-20,웹,카드,
O01405,C0327,2023-10-27,웹,카드,
O01406,C0284,2023-09-28,앱,카드,
O01407,C0345,2023-05-27,웹,카드,SPRING
O01408,C0112,2023-03-26,웹,카드,
O01409,C0197,2023-12-01,제휴몰,계좌이체,WELCOME
O01410,C0205,2023-02-02,앱,계좌이체,
O01411,C0278,2023-05-03,앱,카드,WELCOME
O01412,C0271,2023-09-02,웹,카드,
O01413,C0309,2023-05-23,웹,카드,
O01414,C0124,2023-08-16,웹,간편결제,
O01415,C0298,2023-11-16,앱,간편결제,WELCOME
O01416,C0274,2023-12-10,웹,카드,
O01417,C0008,2023-03-01,웹,계좌이체,
O01418,C0131,2023-12-10,제휴몰,계좌이체,SPRING
O01419,C0370,2023-06-28,제휴몰,계좌이체,
O01420,C0211,2023-10-08,웹,카드,WELCOME
O01421,C0277,2023-02-03,웹,계좌이체,
O01422,C0246,2023-08-08,웹,카드,SPRING
O01423,C0367,2023-08-14,제휴몰,카드,
O01424,C0002,2023-02-27,앱,간편결제,
O01425,C0106,2023-10-09,앱,계좌이체,
O01426,C0320,2023-09-28,웹,카드,
O01427,C0148,2023-01-20,앱,간편결제,SPRING
O01428,C0393,2023-02-25,웹,간편결제,SPRING
O01429,C0078,2023-10-06,웹,계좌이체,
O01430,C0007,2023-03-08,웹,카드,
O01431,C0244,2023-03-19,앱,간편결제,
O01432,C0020,2023-08-06,웹,계좌이체,
O01433,C0129,2023-02-01,제휴몰,간편결제,SPRING
O01434,C0392,2023-06-05,앱,계좌이체,WELCOME
O01435,C0314,2023-06-08,앱,간편결제,
O01436,C0079,2023-05-07,웹,카드,
O01437,C0227,2023-05-15,앱,계좌이체,
O01438,C0391,2023-01-10,앱,카드,
O01439,C0327,2023-10-22,앱,간편결제,
O01440,C0260,2023-08-11,웹,간편결제,
O01441,C0039,2023-11-17,웹,계좌이체,
O01442,C0270,2023-01-04,웹,카드,
O01443,C0257,2023-02-08,제휴몰,카드,
O01444,C0295,2023-06-12,웹,간편결제,VIP
O01445,C0279,2023-09-27,웹,계좌이체,
O01446,C0303,2023-02-13,앱,계좌이체,
O01447,C0059,2023-11-04,앱,카드,
O01448,C0378,2023-06-21,웹,카드,
O01449,C0379,2023-08-23,제휴몰,카드,WELCOME
O01450,C0365,2023-02-06,웹,계좌이체,
O01451,C0303,2023-06-06,앱,간편결제,WELCOME
O01452,C0284,2023-03-23,웹,계좌이체,
O01453,C0112,2023-05-12,웹,간편결제,
O01454,C0182,2023-09-19,앱,간편결제,
O01455,C0113,2023-08-10,앱,계좌이체,
O01456,C0108,2023-04-24,앱,간편결제,
O01457,C0105,2023-04-05,앱,계좌이체,
O01458,C0381,2023-06-18,웹,간편결제,SPRING
O01459,C0366,2023-03-12,웹,카드,VIP
O01460,C0205,2023-03-14,웹,카드,WELCOME
O01461,C0175,2023-04-12,제휴몰,계좌이체,SPRING
O01462,C0010,2023-06-10,앱,간편결제,
O01463,C0022,2023-01-05,앱,간편결제,
O01464,C0043,2023-12-17,앱,카드,
O01465,C0114,2023-03-27,앱,간편결제,
O01466,C0014,2023-01-09,앱,계좌이체,
O01467,C0071,2023-09-04,앱,계좌이체,
O01468,C0065,2023-08-14,제휴몰,간편결제,
O01469,C0083,2023-11-12,웹,간편결제,
O01470,C0286,2023-01-22,제휴몰,계좌이체,
O01471,C0156,2023-12-13,앱,카드,
O01472,C0088,2023-10-09,웹,카드,
O01473,C0089,2023-06-17,제휴몰,간편결제,
O01474,C0039,2023-05-25,웹,계좌이체,
O01475,C0015,2023-12-21,앱,카드,
O01476,C0292,2023-06-22,제휴몰,계좌이체,
O01477,C0040,2023-09-27,앱,계좌이체,
O01478,C0133,2023-08-03,웹,카드,
O01479,C0108,2023-04-08,제휴몰,간편결제,
O01480,C0294,2023-08-22,웹,간편결제,
O01481,C0329,2023-02-11,웹,계좌이체,
O01482,C0022,2023-09-17,웹,간편결제,
O01483,C0019,2023-09-19,앱,계좌이체,VIP
O01484,C0140,2023-11-12,앱,계좌이체,
O01485,C0094,2023-09-14,제휴몰,간편결제,WELCOME
O01486,C0340,2023-09-20,웹,간편결제,
O01487,C0138,2023-03-06,앱,계좌이체,
O01488,C0120,2023-12-04,앱,간편결제,WELCOME
O01489,C0361,2023-10-07,웹,간편결제,
O01490,C0045,2023-09-20,앱,카드,VIP
O01491,C0140,2023-05-09,제휴몰,계좌이체,
O01492,C0166,2023-04-04,앱,카드,
O01493,C0052,2023-09-07,웹,간편결제,
O01494,C0141,2023-03-07,웹,카드,
O01495,C0169,2023-02-25,앱,계좌이체,
O01496,C0298,2023-10-12,웹,카드,SPRING
O01497,C0255,2023-05-13,앱,카드,
O01498,C0325,2023-12-11,앱,카드,
O01499,C0129,2023-02-06,앱,간편결제,
O01500,C0265,2023-03-25,제휴몰,간편결제,
