consult_id,difficulty,channel,resolved
S01861,복잡,상담원,True
S00354,단순,챗봇,True
S01334,복잡,상담원,False
S00906,단순,상담원,True
S01290,복잡,상담원,False
S01274,복잡,상담원,True
S00939,단순,상담원,True
S01732,복잡,상담원,False
S00066,단순,챗봇,True
S01324,복잡,상담원,True
S00057,단순,챗봇,True
S01293,복잡,상담원,False
S01119,복잡,상담원,False
S00585,단순,챗봇,True
S00375,단순,챗봇,True
S00276,단순,챗봇,True
S00747,단순,챗봇,True
S00129,단순,챗봇,True
S01647,복잡,상담원,False
S01853,복잡,상담원,True
S00675,단순,챗봇,True
S01665,복잡,상담원,False
S01982,복잡,상담원,True
S01084,복잡,챗봇,False
S01923,복잡,상담원,False
S00100,단순,챗봇,True
S01180,복잡,상담원,False
S00965,단순,상담원,True
S00793,단순,챗봇,True
S00030,단순,챗봇,True
S00629,단순,챗봇,True
S00945,단순,상담원,True
S00573,단순,챗봇,True
S00908,단순,상담원,True
S01081,복잡,챗봇,False
S00451,단순,챗봇,True
S01610,복잡,상담원,False
S01291,복잡,상담원,True
S01079,복잡,챗봇,False
S00255,단순,챗봇,True
S00125,단순,챗봇,True
S01928,복잡,상담원,False
S00252,단순,챗봇,True
S00586,단순,챗봇,True
S01569,복잡,상담원,True
S00825,단순,챗봇,True
S00508,단순,챗봇,True
S00890,단순,챗봇,False
S00071,단순,챗봇,True
S01609,복잡,상담원,True
S01533,복잡,상담원,True
S00248,단순,챗봇,True
S01451,복잡,상담원,False
S00213,단순,챗봇,True
S00910,단순,상담원,True
S01742,복잡,상담원,True
S01245,복잡,상담원,False
S01697,복잡,상담원,False
S01183,복잡,상담원,True
S00362,단순,챗봇,True
S01474,복잡,상담원,True
S00679,단순,챗봇,True
S01622,복잡,상담원,True
S01090,복잡,챗봇,False
S01988,복잡,상담원,False
S01848,복잡,상담원,False
S00988,단순,상담원,True
S01513,복잡,상담원,False
S00112,단순,챗봇,True
S01488,복잡,상담원,False
S01454,복잡,상담원,True
S00384,단순,챗봇,True
S01396,복잡,상담원,False
S01055,복잡,챗봇,False
S00756,단순,챗봇,True
S00325,단순,챗봇,True
S01624,복잡,상담원,False
S00788,단순,챗봇,True
S00369,단순,챗봇,True
S01820,복잡,상담원,False
S00070,단순,챗봇,True
S00858,단순,챗봇,True
S01484,복잡,상담원,False
S01556,복잡,상담원,True
S01692,복잡,상담원,False
S01475,복잡,상담원,True
S01799,복잡,상담원,True
S00479,단순,챗봇,True
S00282,단순,챗봇,False
S01648,복잡,상담원,False
S01557,복잡,상담원,False
S01730,복잡,상담원,True
S00211,단순,챗봇,True
S00298,단순,챗봇,True
S01885,복잡,상담원,False
S01834,복잡,상담원,False
S00652,단순,챗봇,True
S01234,복잡,상담원,False
S01503,복잡,상담원,False
S01932,복잡,상담원,False
S00917,단순,상담원,True
S00994,단순,상담원,True
S00430,단순,챗봇,True
S01371,복잡,상담원,False
S00240,단순,챗봇,True
S00880,단순,챗봇,True
S00621,단순,챗봇,True
S00257,단순,챗봇,True
S00612,단순,챗봇,True
S00545,단순,챗봇,True
S00772,단순,챗봇,False
S01420,복잡,상담원,False
S01042,복잡,챗봇,False
S01790,복잡,상담원,False
S00760,단순,챗봇,True
S00383,단순,챗봇,True
S01104,복잡,상담원,False
S00974,단순,상담원,True
S00353,단순,챗봇,True
S01606,복잡,상담원,True
S01826,복잡,상담원,False
S01037,복잡,챗봇,False
S01108,복잡,상담원,False
S00495,단순,챗봇,True
S00394,단순,챗봇,True
S01547,복잡,상담원,False
S00465,단순,챗봇,True
S00887,단순,챗봇,True
S01194,복잡,상담원,True
S00367,단순,챗봇,True
S01894,복잡,상담원,False
S01874,복잡,상담원,True
S00745,단순,챗봇,True
S00530,단순,챗봇,True
S00803,단순,챗봇,True
S01224,복잡,상담원,True
S01979,복잡,상담원,False
S01906,복잡,상담원,False
S01700,복잡,상담원,True
S01545,복잡,상담원,False
S01314,복잡,상담원,True
S00307,단순,챗봇,True
S01667,복잡,상담원,False
S00863,단순,챗봇,True
S01567,복잡,상담원,False
S00531,단순,챗봇,False
S00655,단순,챗봇,True
S01260,복잡,상담원,False
S00234,단순,챗봇,True
S00121,단순,챗봇,True
S01698,복잡,상담원,True
S00950,단순,상담원,True
S00618,단순,챗봇,True
S01179,복잡,상담원,False
S00308,단순,챗봇,False
S00136,단순,챗봇,True
S00555,단순,챗봇,True
S01674,복잡,상담원,False
S00584,단순,챗봇,True
S01641,복잡,상담원,False
S00671,단순,챗봇,True
S00835,단순,챗봇,True
S00110,단순,챗봇,True
S01165,복잡,상담원,True
S01960,복잡,상담원,True
S01465,복잡,상담원,False
S01729,복잡,상담원,False
S01243,복잡,상담원,True
S00212,단순,챗봇,False
S01768,복잡,상담원,True
S01121,복잡,상담원,False
S00680,단순,챗봇,True
S01951,복잡,상담원,True
S01839,복잡,상담원,False
S00412,단순,챗봇,True
S01325,복잡,상담원,False
S00783,단순,챗봇,True
S01346,복잡,상담원,True
S00875,단순,챗봇,True
S01653,복잡,상담원,False
S01279,복잡,상담원,True
S00786,단순,챗봇,True
S01819,복잡,상담원,False
S01199,복잡,상담원,False
S00808,단순,챗봇,True
S00713,단순,챗봇,True
S01991,복잡,상담원,False
S01660,복잡,상담원,False
S01191,복잡,상담원,False
S01226,복잡,상담원,True
S00603,단순,챗봇,True
S00271,단순,챗봇,True
S01385,복잡,상담원,False
S00232,단순,챗봇,True
S00050,단순,챗봇,True
S00463,단순,챗봇,True
S01106,복잡,상담원,False
S00856,단순,챗봇,False
S00694,단순,챗봇,True
S01552,복잡,상담원,False
S01873,복잡,상담원,False
S00527,단순,챗봇,True
S00174,단순,챗봇,True
S00721,단순,챗봇,True
S00415,단순,챗봇,True
S00238,단순,챗봇,True
S01473,복잡,상담원,False
S01336,복잡,상담원,False
S01064,복잡,챗봇,False
S00024,단순,챗봇,False
S01767,복잡,상담원,False
S00064,단순,챗봇,True
S00290,단순,챗봇,True
S00189,단순,챗봇,True
S00702,단순,챗봇,True
S01815,복잡,상담원,True
S01138,복잡,상담원,False
S00355,단순,챗봇,True
S00417,단순,챗봇,True
S01246,복잡,상담원,True
S00931,단순,상담원,True
S00197,단순,챗봇,True
S00580,단순,챗봇,True
S01135,복잡,상담원,False
S01814,복잡,상담원,False
S01935,복잡,상담원,False
S00434,단순,챗봇,True
S00101,단순,챗봇,True
S01655,복잡,상담원,True
S00395,단순,챗봇,True
S01939,복잡,상담원,False
S00221,단순,챗봇,True
S01676,복잡,상담원,True
S01498,복잡,상담원,False
S01785,복잡,상담원,True
S00345,단순,챗봇,True
S01028,복잡,챗봇,False
S00889,단순,챗봇,True
S01351,복잡,상담원,False
S00553,단순,챗봇,True
S00744,단순,챗봇,True
S01542,복잡,상담원,False
S00539,단순,챗봇,True
S00907,단순,상담원,True
S01395,복잡,상담원,True
S00116,단순,챗봇,False
S00830,단순,챗봇,True
S01938,복잡,상담원,False
S00809,단순,챗봇,True
S01311,복잡,상담원,False
S01005,복잡,챗봇,False
S00306,단순,챗봇,True
S01101,복잡,상담원,True
S00480,단순,챗봇,False
S01424,복잡,상담원,False
S01076,복잡,챗봇,True
S00571,단순,챗봇,True
S00619,단순,챗봇,True
S01898,복잡,상담원,False
S01266,복잡,상담원,False
S00079,단순,챗봇,True
S01912,복잡,상담원,True
S00033,단순,챗봇,True
S01538,복잡,상담원,False
S01034,복잡,챗봇,False
S01563,복잡,상담원,False
S00352,단순,챗봇,True
S00164,단순,챗봇,False
S00204,단순,챗봇,True
S01054,복잡,챗봇,False
S01365,복잡,상담원,False
S01967,복잡,상담원,False
S00496,단순,챗봇,True
S01625,복잡,상담원,False
S01966,복잡,상담원,True
S01963,복잡,상담원,False
S00611,단순,챗봇,True
S00433,단순,챗봇,True
S01492,복잡,상담원,True
S00219,단순,챗봇,True
S01931,복잡,상담원,False
S01466,복잡,상담원,False
S00631,단순,챗봇,True
S01382,복잡,상담원,True
S01302,복잡,상담원,False
S00060,단순,챗봇,True
S00299,단순,챗봇,True
S01711,복잡,상담원,True
S00074,단순,챗봇,True
S00163,단순,챗봇,True
S01275,복잡,상담원,False
S01594,복잡,상담원,False
S01434,복잡,상담원,True
S01613,복잡,상담원,False
S00592,단순,챗봇,True
S00317,단순,챗봇,True
S00046,단순,챗봇,True
S01720,복잡,상담원,False
S01832,복잡,상담원,False
S00428,단순,챗봇,True
S00582,단순,챗봇,True
S00077,단순,챗봇,True
S01917,복잡,상담원,False
S01415,복잡,상담원,False
S00781,단순,챗봇,True
S01920,복잡,상담원,True
S01174,복잡,상담원,True
S01320,복잡,상담원,True
S00938,단순,상담원,True
S00031,단순,챗봇,True
S01092,복잡,챗봇,False
S01616,복잡,상담원,True
S01230,복잡,상담원,False
S00975,단순,상담원,True
S01085,복잡,챗봇,True
S00515,단순,챗봇,True
S01551,복잡,상담원,False
S01568,복잡,상담원,True
S01811,복잡,상담원,False
S01574,복잡,상담원,False
S00045,단순,챗봇,True
S01687,복잡,상담원,True
S00169,단순,챗봇,True
S00304,단순,챗봇,True
S00991,단순,상담원,True
S00556,단순,챗봇,True
S01925,복잡,상담원,True
S00608,단순,챗봇,True
S01619,복잡,상담원,True
S00758,단순,챗봇,True
S00439,단순,챗봇,True
S00583,단순,챗봇,False
S01519,복잡,상담원,True
S00528,단순,챗봇,True
S00343,단순,챗봇,True
S01737,복잡,상담원,False
S00368,단순,챗봇,True
S00186,단순,챗봇,True
S01117,복잡,상담원,False
S01755,복잡,상담원,True
S01426,복잡,상담원,False
S00301,단순,챗봇,True
S01904,복잡,상담원,False
S00833,단순,챗봇,True
S00544,단순,챗봇,True
S01601,복잡,상담원,False
S00351,단순,챗봇,True
S01933,복잡,상담원,False
S01511,복잡,상담원,True
S00979,단순,상담원,True
S00176,단순,챗봇,True
S00483,단순,챗봇,True
S01413,복잡,상담원,False
S01611,복잡,상담원,False
S00124,단순,챗봇,False
S00600,단순,챗봇,True
S01795,복잡,상담원,False
S01746,복잡,상담원,True
S01379,복잡,상담원,True
S01186,복잡,상담원,False
S00486,단순,챗봇,True
S00332,단순,챗봇,True
S00789,단순,챗봇,False
S00195,단순,챗봇,True
S00638,단순,챗봇,True
S00472,단순,챗봇,True
S01714,복잡,상담원,False
S00323,단순,챗봇,True
S01197,복잡,상담원,True
S00267,단순,챗봇,True
S01544,복잡,상담원,True
S01804,복잡,상담원,False
S00068,단순,챗봇,True
S01738,복잡,상담원,True
S01593,복잡,상담원,False
S01564,복잡,상담원,True
S00481,단순,챗봇,True
S01757,복잡,상담원,True
S01913,복잡,상담원,True
S01441,복잡,상담원,True
S01461,복잡,상담원,False
S00888,단순,챗봇,True
S00423,단순,챗봇,True
S01675,복잡,상담원,False
S01450,복잡,상담원,False
S00765,단순,챗봇,False
S00520,단순,챗봇,True
S01432,복잡,상담원,True
S00614,단순,챗봇,True
S01531,복잡,상담원,False
S01783,복잡,상담원,False
S01659,복잡,상담원,False
S00454,단순,챗봇,True
S00731,단순,챗봇,True
S00535,단순,챗봇,True
S00966,단순,상담원,True
S01285,복잡,상담원,True
S01740,복잡,상담원,False
S00262,단순,챗봇,True
S00536,단순,챗봇,True
S00969,단순,상담원,True
S00241,단순,챗봇,True
S00820,단순,챗봇,False
S00693,단순,챗봇,True
S00421,단순,챗봇,True
S01086,복잡,챗봇,False
S01999,복잡,상담원,True
S00366,단순,챗봇,True
S01023,복잡,챗봇,True
S01241,복잡,상담원,True
S00589,단순,챗봇,True
S00737,단순,챗봇,True
S01762,복잡,상담원,False
S00942,단순,상담원,True
S00072,단순,챗봇,True
S01408,복잡,상담원,False
S00260,단순,챗봇,True
S00052,단순,챗봇,True
S00199,단순,챗봇,True
S01789,복잡,상담원,True
S00651,단순,챗봇,True
S00333,단순,챗봇,True
S01360,복잡,상담원,True
S00594,단순,챗봇,True
S01392,복잡,상담원,False
S01801,복잡,상담원,True
S01315,복잡,상담원,True
S01112,복잡,상담원,True
S01007,복잡,챗봇,True
S01327,복잡,상담원,True
S00427,단순,챗봇,True
S01559,복잡,상담원,True
S01294,복잡,상담원,False
S00591,단순,챗봇,True
S01958,복잡,상담원,True
S01977,복잡,상담원,True
S01133,복잡,상담원,False
S00986,단순,상담원,True
S00399,단순,챗봇,True
S01512,복잡,상담원,False
S00437,단순,챗봇,True
S00193,단순,챗봇,True
S01436,복잡,상담원,True
S00615,단순,챗봇,True
S01494,복잡,상담원,False
S00577,단순,챗봇,True
S00987,단순,상담원,True
S01433,복잡,상담원,False
S00707,단순,챗봇,True
S01259,복잡,상담원,True
S00142,단순,챗봇,True
S01358,복잡,상담원,False
S00003,단순,챗봇,True
S01222,복잡,상담원,False
S01870,복잡,상담원,False
S01623,복잡,상담원,True
S00340,단순,챗봇,True
S01770,복잡,상담원,False
S01537,복잡,상담원,False
S00484,단순,챗봇,True
S00266,단순,챗봇,True
S00377,단순,챗봇,True
S00742,단순,챗봇,False
S01014,복잡,챗봇,True
S00440,단순,챗봇,True
S00272,단순,챗봇,False
S00185,단순,챗봇,False
S00940,단순,상담원,True
S00245,단순,챗봇,True
S00932,단순,상담원,True
S00446,단순,챗봇,True
S00597,단순,챗봇,False
S00818,단순,챗봇,False
S01273,복잡,상담원,False
S01677,복잡,상담원,False
S00487,단순,챗봇,True
S00681,단순,챗봇,True
S00416,단순,챗봇,True
S00274,단순,챗봇,True
S01472,복잡,상담원,False
S01830,복잡,상담원,True
S01455,복잡,상담원,True
S00251,단순,챗봇,True
S00414,단순,챗봇,True
S01386,복잡,상담원,False
S01308,복잡,상담원,False
S00716,단순,챗봇,False
S00311,단순,챗봇,True
S00927,단순,상담원,True
S00382,단순,챗봇,True
S01566,복잡,상담원,False
S00426,단순,챗봇,True
S01875,복잡,상담원,True
S00533,단순,챗봇,True
S00753,단순,챗봇,True
S00766,단순,챗봇,True
S01357,복잡,상담원,False
S00409,단순,챗봇,True
S01615,복잡,상담원,False
S00695,단순,챗봇,False
S01739,복잡,상담원,True
S00549,단순,챗봇,True
S00937,단순,상담원,True
S01390,복잡,상담원,False
S01608,복잡,상담원,False
S01940,복잡,상담원,True
S01482,복잡,상담원,True
S00183,단순,챗봇,True
S01941,복잡,상담원,False
S01161,복잡,상담원,False
S00171,단순,챗봇,False
S00293,단순,챗봇,True
S00562,단순,챗봇,True
S01457,복잡,상담원,True
S01877,복잡,상담원,True
S01652,복잡,상담원,False
S00850,단순,챗봇,True
S00273,단순,챗봇,True
S01550,복잡,상담원,True
S01035,복잡,챗봇,True
S01744,복잡,상담원,False
S00372,단순,챗봇,True
S01670,복잡,상담원,True
S00722,단순,챗봇,True
S00734,단순,챗봇,True
S00778,단순,챗봇,True
S00519,단순,챗봇,False
S00335,단순,챗봇,True
S00846,단순,챗봇,True
S01252,복잡,상담원,False
S01053,복잡,챗봇,True
S01924,복잡,상담원,False
S00016,단순,챗봇,True
S00708,단순,챗봇,True
S00901,단순,상담원,True
S01980,복잡,상담원,True
S01573,복잡,상담원,False
S00904,단순,상담원,True
S00466,단순,챗봇,False
S01978,복잡,상담원,True
S00200,단순,챗봇,True
S01207,복잡,상담원,True
S01056,복잡,챗봇,False
S01132,복잡,상담원,False
S01380,복잡,상담원,False
S00999,단순,상담원,False
S00728,단순,챗봇,True
S01772,복잡,상담원,False
S01910,복잡,상담원,False
S01822,복잡,상담원,False
S00568,단순,챗봇,True
S00044,단순,챗봇,True
S00275,단순,챗봇,True
S01097,복잡,챗봇,True
S00102,단순,챗봇,True
S01232,복잡,상담원,True
S01722,복잡,상담원,True
S01833,복잡,상담원,True
S00108,단순,챗봇,True
S01618,복잡,상담원,False
S00498,단순,챗봇,True
S01981,복잡,상담원,False
S00882,단순,챗봇,True
S00757,단순,챗봇,True
S00620,단순,챗봇,True
S01107,복잡,상담원,False
S01936,복잡,상담원,False
S00810,단순,챗봇,True
S01038,복잡,챗봇,True
S00073,단순,챗봇,True
S01284,복잡,상담원,True
S01272,복잡,상담원,False
S01335,복잡,상담원,False
S01459,복잡,상담원,True
S00482,단순,챗봇,True
S01069,복잡,챗봇,False
S00507,단순,챗봇,True
S01238,복잡,상담원,False
S01862,복잡,상담원,False
S01990,복잡,상담원,True
S01477,복잡,상담원,False
S01867,복잡,상담원,True
S01456,복잡,상담원,False
S00312,단순,챗봇,True
S00963,단순,상담원,True
S00406,단순,챗봇,False
S01331,복잡,상담원,True
S01650,복잡,상담원,False
S00310,단순,챗봇,True
S00227,단순,챗봇,True
S01858,복잡,상담원,True
S00711,단순,챗봇,True
S01944,복잡,상담원,True
S01384,복잡,상담원,True
S01786,복잡,상담원,True
S00149,단순,챗봇,True
S01555,복잡,상담원,True
S01957,복잡,상담원,True
S00926,단순,상담원,True
S00943,단순,상담원,True
S00837,단순,챗봇,True
S00576,단순,챗봇,True
S00558,단순,챗봇,True
S01236,복잡,상담원,False
S01361,복잡,상담원,False
S01348,복잡,상담원,False
S01162,복잡,상담원,True
S01443,복잡,상담원,False
S00287,단순,챗봇,False
S01605,복잡,상담원,False
S01058,복잡,챗봇,True
S00599,단순,챗봇,True
S00933,단순,상담원,True
S01462,복잡,상담원,False
S01638,복잡,상담원,False
S01588,복잡,상담원,False
S01041,복잡,챗봇,False
S01231,복잡,상담원,True
S00807,단순,챗봇,True
S00905,단순,상담원,True
S01680,복잡,상담원,False
S01205,복잡,상담원,False
S00768,단순,챗봇,False
S00610,단순,챗봇,True
S01993,복잡,상담원,True
S01565,복잡,상담원,True
S01423,복잡,상담원,True
S01011,복잡,챗봇,True
S00494,단순,챗봇,True
S01321,복잡,상담원,False
S00278,단순,챗봇,True
S01847,복잡,상담원,False
S00359,단순,챗봇,True
S01111,복잡,상담원,True
S00237,단순,챗봇,True
S00552,단순,챗봇,True
S01868,복잡,상담원,True
S01813,복잡,상담원,False
S00209,단순,챗봇,True
S01387,복잡,상담원,False
S01561,복잡,상담원,False
S00059,단순,챗봇,True
S00632,단순,챗봇,True
S01962,복잡,상담원,False
S01860,복잡,상담원,True
S01817,복잡,상담원,True
S00364,단순,챗봇,True
S00506,단순,챗봇,False
S01166,복잡,상담원,False
S01122,복잡,상담원,True
S01630,복잡,상담원,True
S01217,복잡,상담원,False
S01152,복잡,상담원,False
S01125,복잡,상담원,False
S01595,복잡,상담원,True
S00119,단순,챗봇,True
S01250,복잡,상담원,False
S01994,복잡,상담원,False
S00523,단순,챗봇,True
S00514,단순,챗봇,False
S00082,단순,챗봇,True
S00916,단순,상담원,True
S01019,복잡,챗봇,False
S00381,단순,챗봇,True
S01030,복잡,챗봇,False
S01689,복잡,상담원,False
S00085,단순,챗봇,True
S01678,복잡,상담원,True
S00330,단순,챗봇,True
S00007,단순,챗봇,True
S00746,단순,챗봇,True
S01554,복잡,상담원,True
S00915,단순,상담원,True
S00874,단순,챗봇,True
S00452,단순,챗봇,True
S00491,단순,챗봇,True
S01481,복잡,상담원,False
S00288,단순,챗봇,True
S00949,단순,상담원,True
S01986,복잡,상담원,False
S01369,복잡,상담원,True
S01147,복잡,상담원,False
S00706,단순,챗봇,True
S01727,복잡,상담원,True
S01702,복잡,상담원,True
S01629,복잡,상담원,True
S01600,복잡,상담원,False
S01539,복잡,상담원,False
S01406,복잡,상담원,False
S01651,복잡,상담원,False
S00328,단순,챗봇,True
S00443,단순,챗봇,True
S00775,단순,챗봇,True
S01088,복잡,챗봇,False
S01221,복잡,상담원,False
S01636,복잡,상담원,False
S00178,단순,챗봇,True
S01323,복잡,상담원,True
S00705,단순,챗봇,True
S00087,단순,챗봇,True
S01884,복잡,상담원,True
S01948,복잡,상담원,False
S00458,단순,챗봇,False
S01829,복잡,상담원,False
S00055,단순,챗봇,True
S01502,복잡,상담원,True
S00644,단순,챗봇,True
S00678,단순,챗봇,True
S00222,단순,챗봇,True
S00114,단순,챗봇,True
S00983,단순,상담원,True
S01229,복잡,상담원,True
S01000,단순,상담원,True
S00175,단순,챗봇,True
S00782,단순,챗봇,True
S00590,단순,챗봇,True
S01560,복잡,상담원,True
S00019,단순,챗봇,True
S00424,단순,챗봇,True
S01344,복잡,상담원,True
S00286,단순,챗봇,True
S01584,복잡,상담원,False
S00429,단순,챗봇,False
S01510,복잡,상담원,True
S01319,복잡,상담원,False
S00670,단순,챗봇,True
S00032,단순,챗봇,True
S00941,단순,상담원,True
S00723,단순,챗봇,True
S00995,단순,상담원,True
S00215,단순,챗봇,True
S00814,단순,챗봇,True
S00327,단순,챗봇,True
S00561,단순,챗봇,False
S01113,복잡,상담원,True
S00701,단순,챗봇,True
S01579,복잡,상담원,False
S01190,복잡,상담원,True
S00342,단순,챗봇,True
S00630,단순,챗봇,True
S00148,단순,챗봇,True
S01310,복잡,상담원,False
S00361,단순,챗봇,True
S00084,단순,챗봇,True
S00049,단순,챗봇,True
S00469,단순,챗봇,True
S00156,단순,챗봇,True
S00773,단순,챗봇,True
S01240,복잡,상담원,False
S01201,복잡,상담원,False
S01403,복잡,상담원,True
S01203,복잡,상담원,False
S01631,복잡,상담원,True
S00501,단순,챗봇,False
S01765,복잡,상담원,False
S00180,단순,챗봇,True
S01048,복잡,챗봇,True
S01756,복잡,상담원,False
S00951,단순,상담원,True
S01317,복잡,상담원,True
S01620,복잡,상담원,False
S00529,단순,챗봇,True
S00347,단순,챗봇,True
S01388,복잡,상담원,False
S01961,복잡,상담원,False
S01051,복잡,챗봇,False
S01973,복잡,상담원,True
S01442,복잡,상담원,False
S00602,단순,챗봇,True
S01282,복잡,상담원,False
S00244,단순,챗봇,True
S01337,복잡,상담원,True
S01068,복잡,챗봇,False
S01476,복잡,상담원,False
S00313,단순,챗봇,True
S00436,단순,챗봇,True
S01899,복잡,상담원,False
S01329,복잡,상담원,True
S00309,단순,챗봇,True
S00431,단순,챗봇,True
S00661,단순,챗봇,True
S00371,단순,챗봇,True
S00567,단순,챗봇,True
S00980,단순,상담원,True
S00182,단순,챗봇,True
S01363,복잡,상담원,True
S00622,단순,챗봇,True
S00819,단순,챗봇,True
S01193,복잡,상담원,False
S00953,단순,상담원,True
S01422,복잡,상담원,False
S01841,복잡,상담원,False
S00923,단순,상담원,True
S01074,복잡,챗봇,False
S00297,단순,챗봇,True
S00967,단순,상담원,True
S00462,단순,챗봇,True
S01303,복잡,상담원,False
S01177,복잡,상담원,False
S00378,단순,챗봇,True
S00799,단순,챗봇,True
S01103,복잡,상담원,False
S00106,단순,챗봇,True
S00127,단순,챗봇,True
S01996,복잡,상담원,False
S00839,단순,챗봇,True
S00356,단순,챗봇,True
S01617,복잡,상담원,False
S00683,단순,챗봇,True
S00813,단순,챗봇,True
S01681,복잡,상담원,True
S00210,단순,챗봇,True
S01493,복잡,상담원,False
S00141,단순,챗봇,True
S01975,복잡,상담원,True
S01340,복잡,상담원,True
S01798,복잡,상담원,False
S01575,복잡,상담원,False
S01182,복잡,상담원,True
S01394,복잡,상담원,False
S01816,복잡,상담원,False
S00712,단순,챗봇,True
S01794,복잡,상담원,False
S00893,단순,챗봇,False
S00860,단순,챗봇,True
S00011,단순,챗봇,True
S01695,복잡,상담원,False
S01428,복잡,상담원,True
S00283,단순,챗봇,True
S00811,단순,챗봇,True
S01342,복잡,상담원,False
S00292,단순,챗봇,True
S00755,단순,챗봇,True
S00627,단순,챗봇,False
S00944,단순,상담원,True
S00862,단순,챗봇,True
S00130,단순,챗봇,True
S01176,복잡,상담원,False
S00324,단순,챗봇,True
S01091,복잡,챗봇,True
S00844,단순,챗봇,True
S00964,단순,상담원,True
S01865,복잡,상담원,False
S00866,단순,챗봇,True
S00922,단순,상담원,False
S00696,단순,챗봇,True
S00216,단순,챗봇,True
S01781,복잡,상담원,False
S01262,복잡,상담원,False
S00159,단순,챗봇,True
S01059,복잡,챗봇,False
S00989,단순,상담원,True
S00842,단순,챗봇,True
S00635,단순,챗봇,True
S00517,단순,챗봇,True
S01429,복잡,상담원,True
S01748,복잡,상담원,False
S00598,단순,챗봇,False
S00196,단순,챗봇,True
S01784,복잡,상담원,False
S00870,단순,챗봇,True
S00411,단순,챗봇,True
S00097,단순,챗봇,False
S01001,복잡,챗봇,False
S01506,복잡,상담원,False
S00157,단순,챗봇,True
S00420,단순,챗봇,True
S01803,복잡,상담원,False
S00478,단순,챗봇,True
S01856,복잡,상담원,True
S00669,단순,챗봇,True
S01418,복잡,상담원,False
S01872,복잡,상담원,False
S01300,복잡,상담원,False
S00448,단순,챗봇,True
S00554,단순,챗봇,True
S00179,단순,챗봇,True
S00391,단순,챗봇,True
S00579,단순,챗봇,True
S01478,복잡,상담원,False
S01707,복잡,상담원,True
S01288,복잡,상담원,True
S01645,복잡,상담원,False
S01024,복잡,챗봇,False
S00821,단순,챗봇,True
S01825,복잡,상담원,False
S00985,단순,상담원,True
S01339,복잡,상담원,False
S00665,단순,챗봇,True
S00143,단순,챗봇,True
S01517,복잡,상담원,True
S01430,복잡,상담원,False
S00865,단순,챗봇,True
S00422,단순,챗봇,True
S00637,단순,챗봇,True
S01407,복잡,상담원,True
S00800,단순,챗봇,True
S01404,복잡,상담원,True
S00616,단순,챗봇,True
S00295,단순,챗봇,False
S00924,단순,상담원,True
S01269,복잡,상담원,False
S01903,복잡,상담원,False
S00089,단순,챗봇,True
S00042,단순,챗봇,True
S01802,복잡,상담원,False
S01934,복잡,상담원,False
S00132,단순,챗봇,True
S01002,복잡,챗봇,False
S01158,복잡,상담원,True
S01095,복잡,챗봇,False
S01855,복잡,상담원,False
S01345,복잡,상담원,False
S01499,복잡,상담원,False
S00165,단순,챗봇,True
S00725,단순,챗봇,False
S00291,단순,챗봇,True
S01209,복잡,상담원,True
S01589,복잡,상담원,False
S01897,복잡,상담원,False
S01642,복잡,상담원,True
S01362,복잡,상담원,True
S00779,단순,챗봇,True
S00840,단순,챗봇,False
S00349,단순,챗봇,False
S01945,복잡,상담원,True
S00572,단순,챗봇,True
S00918,단순,상담원,True
S00977,단순,상담원,True
S01914,복잡,상담원,True
S01469,복잡,상담원,False
S01592,복잡,상담원,False
S01318,복잡,상담원,False
S01845,복잡,상담원,False
S00137,단순,챗봇,True
S00459,단순,챗봇,True
S00376,단순,챗봇,True
S01343,복잡,상담원,True
S00334,단순,챗봇,False
S01160,복잡,상담원,True
S01761,복잡,상담원,True
S01458,복잡,상담원,True
S00817,단순,챗봇,True
S01115,복잡,상담원,True
S01006,복잡,챗봇,False
S01857,복잡,상담원,False
S01955,복잡,상담원,False
S01851,복잡,상담원,True
S00911,단순,상담원,True
S01930,복잡,상담원,False
S01126,복잡,상담원,False
S00329,단순,챗봇,True
S01248,복잡,상담원,True
S00319,단순,챗봇,True
S01690,복잡,상담원,False
S01359,복잡,상담원,True
S01733,복잡,상담원,False
S00168,단순,챗봇,True
S00013,단순,챗봇,True
S01927,복잡,상담원,True
S00172,단순,챗봇,True
S00650,단순,챗봇,True
S01062,복잡,챗봇,True
S00261,단순,챗봇,True
S01367,복잡,상담원,False
S01549,복잡,상담원,True
S00902,단순,상담원,True
S00673,단순,챗봇,True
S00259,단순,챗봇,True
S00845,단순,챗봇,True
S00868,단순,챗봇,True
S01800,복잡,상담원,False
S00139,단순,챗봇,False
S00894,단순,챗봇,False
S01838,복잡,상담원,False
S00550,단순,챗봇,True
S00320,단순,챗봇,True
S01527,복잡,상담원,False
S01806,복잡,상담원,False
S01178,복잡,상담원,False
S00559,단순,챗봇,True
S00140,단순,챗봇,True
S01735,복잡,상담원,False
S00532,단순,챗봇,True
S00225,단순,챗봇,True
S00724,단순,챗봇,True
S00787,단순,챗봇,True
S01718,복잡,상담원,False
S01008,복잡,챗봇,False
S00410,단순,챗봇,False
S00326,단순,챗봇,True
S01766,복잡,상담원,False
S00300,단순,챗봇,True
S01263,복잡,상담원,False
S01946,복잡,상담원,True
S00026,단순,챗봇,False
S01859,복잡,상담원,False
S00715,단순,챗봇,True
S01010,복잡,챗봇,False
S00194,단순,챗봇,True
S00441,단순,챗봇,False
S00574,단순,챗봇,False
S00947,단순,상담원,False
S00998,단순,상담원,True
S00504,단순,챗봇,True
S00606,단순,챗봇,True
S01717,복잡,상담원,True
S01164,복잡,상담원,False
S01787,복잡,상담원,False
S00847,단순,챗봇,False
S00004,단순,챗봇,True
S01287,복잡,상담원,True
S01223,복잡,상담원,True
S00468,단순,챗봇,True
S00322,단순,챗봇,False
S00006,단순,챗봇,True
S00223,단순,챗봇,True
S01375,복잡,상담원,False
S00548,단순,챗봇,True
S00229,단순,챗봇,True
S00040,단순,챗봇,True
S00543,단순,챗봇,True
S00243,단순,챗봇,True
S00899,단순,챗봇,True
S01134,복잡,상담원,True
S01449,복잡,상담원,False
S01869,복잡,상담원,True
S00843,단순,챗봇,True
S01419,복잡,상담원,False
S01654,복잡,상담원,False
S01970,복잡,상담원,False
S00662,단순,챗봇,True
S01211,복잡,상담원,True
S00315,단순,챗봇,True
S00692,단순,챗봇,True
S01504,복잡,상담원,False
S00425,단순,챗봇,True
S00595,단순,챗봇,False
S01964,복잡,상담원,False
S00623,단순,챗봇,True
S01171,복잡,상담원,False
S01044,복잡,챗봇,False
S00228,단순,챗봇,True
S01118,복잡,상담원,False
S01332,복잡,상담원,False
S01316,복잡,상담원,True
S00067,단순,챗봇,True
S00025,단순,챗봇,True
S00145,단순,챗봇,True
S00537,단순,챗봇,True
S00812,단순,챗봇,True
S01467,복잡,상담원,False
S00086,단순,챗봇,True
S01661,복잡,상담원,False
S01646,복잡,상담원,False
S01805,복잡,상담원,False
S01818,복잡,상담원,False
S01577,복잡,상담원,False
S01145,복잡,상담원,True
S00363,단순,챗봇,True
S01612,복잡,상담원,False
S01866,복잡,상담원,False
S01027,복잡,챗봇,False
S01031,복잡,챗봇,True
S01304,복잡,상담원,True
S01356,복잡,상담원,False
S01731,복잡,상담원,False
S00666,단순,챗봇,True
S00365,단순,챗봇,True
S00078,단순,챗봇,True
S00028,단순,챗봇,True
S01437,복잡,상담원,False
S00526,단순,챗봇,False
S01835,복잡,상담원,True
S00056,단순,챗봇,True
S00639,단순,챗봇,True
S00303,단순,챗봇,True
S00719,단순,챗봇,True
S00625,단순,챗봇,False
S00008,단순,챗봇,False
S00804,단순,챗봇,True
S01050,복잡,챗봇,True
S00337,단순,챗봇,True
S00048,단순,챗봇,True
S01764,복잡,상담원,True
S00107,단순,챗봇,True
S00350,단순,챗봇,True
S01080,복잡,챗봇,False
S00239,단순,챗봇,False
S00214,단순,챗봇,True
S01776,복잡,상담원,True
S01139,복잡,상담원,False
S00794,단순,챗봇,True
S01587,복잡,상담원,False
S01583,복잡,상담원,False
S01672,복잡,상담원,False
S00524,단순,챗봇,True
S00233,단순,챗봇,True
S00645,단순,챗봇,True
S01508,복잡,상담원,False
S00534,단순,챗봇,True
S01942,복잡,상담원,True
S00604,단순,챗봇,True
S01330,복잡,상담원,True
S01075,복잡,챗봇,False
S01305,복잡,상담원,False
S00061,단순,챗봇,True
S01264,복잡,상담원,True
S00093,단순,챗봇,True
S00667,단순,챗봇,True
S00281,단순,챗봇,True
S01114,복잡,상담원,False
S00360,단순,챗봇,True
S01129,복잡,상담원,True
S01170,복잡,상담원,True
S00848,단순,챗봇,True
S01522,복잡,상담원,False
S00111,단순,챗봇,True
S00043,단순,챗봇,True
S00126,단순,챗봇,True
S00205,단순,챗봇,True
S00053,단순,챗봇,True
S00546,단순,챗봇,True
S00069,단순,챗봇,True
S01741,복잡,상담원,False
S01548,복잡,상담원,False
S00184,단순,챗봇,True
S00138,단순,챗봇,True
S00900,단순,챗봇,True
S00797,단순,챗봇,True
S00133,단순,챗봇,True
S00081,단순,챗봇,True
S01987,복잡,상담원,False
S01541,복잡,상담원,False
S00542,단순,챗봇,True
S01669,복잡,상담원,False
S00984,단순,상담원,True
S00166,단순,챗봇,True
S00249,단순,챗봇,True
S00447,단순,챗봇,True
S01515,복잡,상담원,True
S00859,단순,챗봇,True
S01212,복잡,상담원,False
S00098,단순,챗봇,True
S01974,복잡,상담원,True
S00738,단순,챗봇,True
S01256,복잡,상담원,False
S00103,단순,챗봇,True
S00435,단순,챗봇,True
S00075,단순,챗봇,True
S01792,복잡,상담원,False
S01235,복잡,상담원,False
S00919,단순,상담원,True
S01712,복잡,상담원,False
S01671,복잡,상담원,True
S01621,복잡,상담원,True
S00763,단순,챗봇,True
S00990,단순,상담원,True
S00389,단순,챗봇,True
S00236,단순,챗봇,True
S01507,복잡,상담원,False
S00268,단순,챗봇,False
S01188,복잡,상담원,False
S00118,단순,챗봇,True
S01607,복잡,상담원,False
S00674,단순,챗봇,True
S00250,단순,챗봇,True
S01453,복잡,상담원,True
S01995,복잡,상담원,True
S00095,단순,챗봇,True
S00034,단순,챗봇,True
S01464,복잡,상담원,False
S01668,복잡,상담원,True
S00449,단순,챗봇,True
S00717,단순,챗봇,False
S01810,복잡,상담원,False
S01518,복잡,상담원,True
S00001,단순,챗봇,True
S01376,복잡,상담원,False
S01102,복잡,상담원,True
S01109,복잡,상담원,True
S01227,복잡,상담원,False
S00083,단순,챗봇,True
S01289,복잡,상담원,True
S00677,단순,챗봇,True
S01921,복잡,상담원,True
S01047,복잡,챗봇,False
S00771,단순,챗봇,True
S01947,복잡,상담원,False
S01281,복잡,상담원,True
S01581,복잡,상담원,True
S01489,복잡,상담원,True
S00405,단순,챗봇,True
S01728,복잡,상담원,True
S01299,복잡,상담원,False
S01341,복잡,상담원,True
S00105,단순,챗봇,True
S00689,단순,챗봇,True
S01306,복잡,상담원,True
S00827,단순,챗봇,True
S00063,단순,챗봇,True
S00853,단순,챗봇,True
S01354,복잡,상담원,True
S00224,단순,챗봇,True
S00146,단순,챗봇,True
S01089,복잡,챗봇,True
S00374,단순,챗봇,True
S01421,복잡,상담원,True
S01143,복잡,상담원,False
S01827,복잡,상담원,True
S01495,복잡,상담원,True
S01602,복잡,상담원,False
S01271,복잡,상담원,False
S00010,단순,챗봇,True
S00450,단순,챗봇,True
S00709,단순,챗봇,True
S00256,단순,챗봇,True
S00883,단순,챗봇,True
S00390,단순,챗봇,True
S00909,단순,상담원,True
S00925,단순,상담원,True
S01704,복잡,상담원,False
S01233,복잡,상담원,False
S00461,단순,챗봇,True
S01270,복잡,상담원,False
S01760,복잡,상담원,True
S01169,복잡,상담원,False
S00959,단순,상담원,True
S00502,단순,챗봇,True
S00740,단순,챗봇,False
S01850,복잡,상담원,True
S00869,단순,챗봇,True
S00732,단순,챗봇,True
S00540,단순,챗봇,True
S01202,복잡,상담원,True
S00698,단순,챗봇,True
S01393,복잡,상담원,False
S01377,복잡,상담원,False
S01146,복잡,상담원,False
S01032,복잡,챗봇,False
S00373,단순,챗봇,True
S00668,단순,챗봇,True
S01526,복잡,상담원,True
S00358,단순,챗봇,True
S00968,단순,상담원,True
S00784,단순,챗봇,True
S00736,단순,챗봇,True
S01036,복잡,챗봇,False
S00971,단순,상담원,True
S01525,복잡,상담원,False
S01487,복잡,상담원,False
S01524,복잡,상담원,False
S01491,복잡,상담원,False
S01643,복잡,상담원,True
S01253,복잡,상담원,True
S01694,복잡,상담원,False
S01750,복잡,상담원,False
S01237,복잡,상담원,False
S00886,단순,챗봇,True
S00080,단순,챗봇,True
S01173,복잡,상담원,False
S00815,단순,챗봇,True
S01286,복잡,상담원,True
S00672,단순,챗봇,True
S01532,복잡,상담원,False
S00058,단순,챗봇,True
S00134,단순,챗봇,True
S01141,복잡,상담원,True
S00934,단순,상담원,False
S01685,복잡,상담원,False
S00824,단순,챗봇,True
S01215,복잡,상담원,True
S00505,단순,챗봇,True
S01775,복잡,상담원,True
S00348,단순,챗봇,True
S00387,단순,챗봇,False
S01025,복잡,챗봇,False
S00895,단순,챗봇,True
S00829,단순,챗봇,False
S01893,복잡,상담원,False
S00476,단순,챗봇,True
S01471,복잡,상담원,False
S01448,복잡,상담원,False
S01582,복잡,상담원,True
S00653,단순,챗봇,True
S00173,단순,챗봇,True
S01150,복잡,상담원,False
S00039,단순,챗봇,True
S00714,단순,챗봇,True
S00091,단순,챗봇,True
S01937,복잡,상담원,True
S01206,복잡,상담원,False
S00876,단순,챗봇,True
S01352,복잡,상담원,True
S01890,복잡,상담원,True
S01094,복잡,챗봇,False
S01156,복잡,상담원,True
S01782,복잡,상담원,True
S01959,복잡,상담원,False
S00500,단순,챗봇,True
S00339,단순,챗봇,True
S01189,복잡,상담원,False
S00029,단순,챗봇,True
S01218,복잡,상담원,False
S01400,복잡,상담원,False
S01821,복잡,상담원,True
S00946,단순,상담원,True
S00170,단순,챗봇,True
S01405,복잡,상담원,True
S01198,복잡,상담원,True
S01254,복잡,상담원,True
S01614,복잡,상담원,False
S00913,단순,상담원,True
S00492,단순,챗봇,True
S00954,단순,상담원,True
S01098,복잡,챗봇,True
S01033,복잡,챗봇,False
S00588,단순,챗봇,True
S00751,단순,챗봇,True
S00658,단순,챗봇,True
S00235,단순,챗봇,True
S00733,단순,챗봇,True
S01989,복잡,상담원,True
S01633,복잡,상담원,False
S01157,복잡,상담원,True
S01470,복잡,상담원,False
S01425,복잡,상담원,False
S01628,복잡,상담원,False
S00935,단순,상담원,True
S01210,복잡,상담원,True
S01066,복잡,챗봇,False
S00109,단순,챗봇,True
S01543,복잡,상담원,False
S00569,단순,챗봇,True
S01168,복잡,상담원,False
S01175,복잡,상담원,False
S00891,단순,챗봇,True
S00948,단순,상담원,True
S01049,복잡,챗봇,False
S01353,복잡,상담원,True
S01778,복잡,상담원,False
S01447,복잡,상담원,True
S00885,단순,챗봇,True
S01673,복잡,상담원,False
S00851,단순,챗봇,True
S00735,단순,챗봇,True
S00718,단순,챗봇,True
S00455,단순,챗봇,True
S00265,단순,챗봇,True
S00076,단순,챗봇,True
S01658,복잡,상담원,True
S00445,단순,챗봇,True
S00396,단순,챗봇,True
S00177,단순,챗봇,True
S01043,복잡,챗봇,False
S01736,복잡,상담원,False
S01402,복잡,상담원,True
S01381,복잡,상담원,False
S00596,단순,챗봇,True
S00062,단순,챗봇,False
S01297,복잡,상담원,False
S00873,단순,챗봇,True
S01490,복잡,상담원,False
S01879,복잡,상담원,False
S00279,단순,챗봇,True
S00037,단순,챗봇,False
S01976,복잡,상담원,True
S00663,단순,챗봇,True
S01954,복잡,상담원,False
S01445,복잡,상담원,True
S00978,단순,상담원,True
S01572,복잡,상담원,False
S00739,단순,챗봇,True
S00192,단순,챗봇,True
S00920,단순,상담원,True
S00457,단순,챗봇,True
S00676,단순,챗봇,False
S00761,단순,챗봇,True
S01808,복잡,상담원,True
S01603,복잡,상담원,False
S00729,단순,챗봇,True
S00413,단순,챗봇,True
S01099,복잡,챗봇,True
S00826,단순,챗봇,True
S01640,복잡,상담원,False
S00617,단순,챗봇,True
S00115,단순,챗봇,True
S00418,단순,챗봇,True
S01911,복잡,상담원,False
S00970,단순,상담원,True
S00605,단순,챗봇,True
S01919,복잡,상담원,True
S00090,단순,챗봇,True
S00849,단순,챗봇,True
S01520,복잡,상담원,True
S01918,복잡,상담원,False
S00754,단순,챗봇,True
S00499,단순,챗봇,True
S01277,복잡,상담원,False
S01326,복잡,상담원,False
S00012,단순,챗봇,True
S00397,단순,챗봇,True
S00285,단순,챗봇,True
S01067,복잡,챗봇,False
S01192,복잡,상담원,True
S01745,복잡,상담원,False
S00691,단순,챗봇,True
S01753,복잡,상담원,False
S01876,복잡,상담원,True
S00690,단순,챗봇,True
S00852,단순,챗봇,True
S00160,단순,챗봇,True
S00896,단순,챗봇,True
S01576,복잡,상담원,True
S00258,단순,챗봇,True
S00336,단순,챗봇,True
S01880,복잡,상담원,True
S01040,복잡,챗봇,True
S00516,단순,챗봇,True
S01349,복잡,상담원,False
S01016,복잡,챗봇,False
S00769,단순,챗봇,True
S01747,복잡,상담원,False
S00762,단순,챗봇,False
S01247,복잡,상담원,True
S01204,복잡,상담원,True
S01468,복잡,상담원,False
S01984,복잡,상담원,True
S00522,단순,챗봇,True
S00023,단순,챗봇,True
S00357,단순,챗봇,True
S01278,복잡,상담원,False
S01313,복잡,상담원,False
S01683,복잡,상담원,True
S00341,단순,챗봇,True
S00432,단순,챗봇,True
S00474,단순,챗봇,True
S00218,단순,챗봇,True
S00912,단순,상담원,True
S01228,복잡,상담원,False
S01597,복잡,상담원,False
S01012,복잡,챗봇,True
S01950,복잡,상담원,False
S00094,단순,챗봇,True
S01009,복잡,챗봇,False
S01071,복잡,챗봇,False
S01093,복잡,챗봇,True
S01915,복잡,상담원,False
S01309,복잡,상담원,False
S00697,단순,챗봇,True
S01828,복잡,상담원,False
S00997,단순,상담원,True
S00154,단순,챗봇,True
S01100,복잡,챗봇,False
S01719,복잡,상담원,False
S01998,복잡,상담원,False
S00790,단순,챗봇,True
S00581,단순,챗봇,True
S00704,단순,챗봇,True
S01213,복잡,상담원,False
S01296,복잡,상담원,True
S01666,복잡,상담원,True
S01261,복잡,상담원,True
S00488,단순,챗봇,True
S00560,단순,챗봇,True
S01142,복잡,상담원,False
S01120,복잡,상담원,True
S00802,단순,챗봇,False
S00513,단순,챗봇,True
S00634,단순,챗봇,True
S01922,복잡,상담원,False
S01788,복잡,상담원,True
S01546,복잡,상담원,False
S01151,복잡,상담원,True
S00791,단순,챗봇,True
S00117,단순,챗봇,True
S00741,단순,챗봇,False
S01691,복잡,상담원,True
S01082,복잡,챗봇,True
S00831,단순,챗봇,True
S00120,단순,챗봇,True
S00657,단순,챗봇,True
S01908,복잡,상담원,True
S00636,단순,챗봇,True
S00370,단순,챗봇,True
S00269,단순,챗봇,True
S00656,단순,챗봇,True
S00936,단순,상담원,True
S00823,단순,챗봇,True
S00867,단순,챗봇,True
S00047,단순,챗봇,True
S01374,복잡,상담원,True
S01709,복잡,상담원,False
S00992,단순,상담원,True
S00877,단순,챗봇,True
S00774,단순,챗봇,True
S01220,복잡,상담원,True
S02000,복잡,상담원,True
S00005,단순,챗봇,True
S01004,복잡,챗봇,False
S01724,복잡,상담원,False
S00264,단순,챗봇,True
S01570,복잡,상담원,True
S01831,복잡,상담원,True
S00444,단순,챗봇,True
S01003,복잡,챗봇,False
S01078,복잡,챗봇,False
S00838,단순,챗봇,True
S01791,복잡,상담원,False
S00305,단순,챗봇,True
S01366,복잡,상담원,True
S01558,복잡,상담원,True
S00314,단순,챗봇,True
S00150,단순,챗봇,True
S01149,복잡,상담원,False
S01214,복잡,상담원,True
S00575,단순,챗봇,True
S00051,단순,챗봇,True
S01553,복잡,상담원,False
S00727,단순,챗봇,True
S00834,단순,챗봇,True
S01378,복잡,상담원,True
S01116,복잡,상담원,True
S01167,복잡,상담원,False
S00471,단순,챗봇,True
S00972,단순,상담원,True
S00654,단순,챗봇,True
S00400,단순,챗봇,True
S00512,단순,챗봇,True
S00321,단순,챗봇,True
S00020,단순,챗봇,True
S00685,단순,챗봇,True
S00036,단순,챗봇,True
S00903,단순,상담원,True
S01779,복잡,상담원,False
S00828,단순,챗봇,True
S01854,복잡,상담원,False
S00408,단순,챗봇,False
S00921,단순,상담원,True
S00538,단순,챗봇,True
S00759,단순,챗봇,True
S01905,복잡,상담원,False
S01063,복잡,챗봇,False
S01200,복잡,상담원,False
S00246,단순,챗봇,True
S01417,복잡,상담원,False
S01128,복잡,상담원,False
S00785,단순,챗봇,False
S01743,복잡,상담원,False
S00490,단순,챗봇,True
S00155,단순,챗봇,True
S00962,단순,상담원,True
S00854,단순,챗봇,True
S01312,복잡,상담원,True
S00626,단순,챗봇,True
S00686,단순,챗봇,True
S01562,복잡,상담원,True
S00570,단순,챗봇,True
S01909,복잡,상담원,False
S00018,단순,챗봇,True
S00128,단순,챗봇,True
S01347,복잡,상담원,False
S01280,복잡,상담원,False
S01969,복잡,상담원,False
S00928,단순,상담원,True
S00981,단순,상담원,True
S01965,복잡,상담원,False
S00191,단순,챗봇,True
S01140,복잡,상담원,False
S00993,단순,상담원,True
S01956,복잡,상담원,True
S01657,복잡,상담원,False
S00607,단순,챗봇,False
S00181,단순,챗봇,True
S00302,단순,챗봇,True
S00497,단순,챗봇,True
S01721,복잡,상담원,True
S01710,복잡,상담원,True
S01888,복잡,상담원,False
S01992,복잡,상담원,False
S00518,단순,챗봇,True
S01985,복잡,상담원,False
S01070,복잡,챗봇,False
S00477,단순,챗봇,True
S00158,단순,챗봇,True
S01244,복잡,상담원,True
S01196,복잡,상담원,False
S00017,단순,챗봇,False
S01536,복잡,상담원,False
S01073,복잡,챗봇,False
S01972,복잡,상담원,True
S00547,단순,챗봇,False
S01540,복잡,상담원,True
S00659,단순,챗봇,True
S01626,복잡,상담원,False
S01020,복잡,챗봇,False
S01663,복잡,상담원,False
S01505,복잡,상담원,False
S00960,단순,상담원,False
S01882,복잡,상담원,True
S00284,단순,챗봇,True
S00798,단순,챗봇,True
S01627,복잡,상담원,False
S00226,단순,챗봇,True
S00027,단순,챗봇,True
S01771,복잡,상담원,True
S00438,단순,챗봇,True
S01949,복잡,상담원,False
S01389,복잡,상담원,False
S00230,단순,챗봇,True
S00038,단순,챗봇,False
S00750,단순,챗봇,True
S01046,복잡,챗봇,True
S01399,복잡,상담원,False
S00470,단순,챗봇,True
S01693,복잡,상담원,True
S01968,복잡,상담원,True
S00688,단순,챗봇,True
S01844,복잡,상담원,True
S00640,단순,챗봇,False
S01713,복잡,상담원,True
S01219,복잡,상담원,True
S01159,복잡,상담원,True
S01416,복잡,상담원,True
S01528,복잡,상담원,True
S01656,복잡,상담원,False
S01301,복잡,상담원,True
S01823,복잡,상담원,True
S00801,단순,챗봇,True
S01604,복잡,상담원,True
S00161,단순,챗봇,True
S00957,단순,상담원,True
S01187,복잡,상담원,False
S00822,단순,챗봇,True
S01682,복잡,상담원,False
S00878,단순,챗봇,True
S00914,단순,상담원,True
S00153,단순,챗봇,True
S01871,복잡,상담원,True
S01777,복잡,상담원,False
S00510,단순,챗봇,True
S01136,복잡,상담원,True
S01251,복잡,상담원,False
S01684,복잡,상담원,True
S00104,단순,챗봇,True
S01446,복잡,상담원,True
S01444,복잡,상담원,True
S00587,단순,챗봇,True
S01769,복잡,상담원,False
S01144,복잡,상담원,True
S00054,단순,챗봇,True
S00152,단순,챗봇,False
S00404,단순,챗봇,False
S01943,복잡,상담원,False
S00208,단순,챗봇,True
S01895,복잡,상담원,False
S01123,복잡,상담원,False
S01891,복잡,상담원,False
S00009,단순,챗봇,True
S01015,복잡,챗봇,False
S01907,복잡,상담원,False
S01061,복잡,챗봇,False
S00453,단순,챗봇,True
S00254,단순,챗봇,True
S01328,복잡,상담원,False
S00897,단순,챗봇,False
S01734,복잡,상담원,False
S00881,단순,챗봇,True
S01596,복잡,상담원,False
S01889,복잡,상담원,False
S00624,단순,챗봇,False
S00346,단순,챗봇,True
S01703,복잡,상담원,False
S00263,단순,챗봇,True
S01635,복잡,상담원,True
S01322,복잡,상담원,True
S01439,복잡,상담원,False
S00151,단순,챗봇,True
S00473,단순,챗봇,True
S00641,단순,챗봇,True
S01983,복잡,상담원,False
S01883,복잡,상담원,True
S00551,단순,챗봇,True
S01780,복잡,상담원,True
S00929,단순,상담원,True
S00489,단순,챗봇,True
S01812,복잡,상담원,True
S01172,복잡,상담원,True
S00147,단순,챗봇,True
S01705,복잡,상담원,True
S01929,복잡,상담원,False
S00403,단순,챗봇,True
S00955,단순,상담원,True
S01878,복잡,상담원,False
S00660,단순,챗봇,True
S01373,복잡,상담원,False
S00464,단순,챗봇,True
S01350,복잡,상담원,False
S00187,단순,챗봇,True
S01148,복잡,상담원,True
S01225,복잡,상담원,True
S00609,단순,챗봇,True
S00144,단순,챗봇,True
S00752,단순,챗봇,False
S01535,복잡,상담원,False
S00982,단순,상담원,True
S00198,단순,챗봇,True
S01634,복잡,상담원,False
S00884,단순,챗봇,False
S00280,단순,챗봇,True
S00294,단순,챗봇,True
S01824,복잡,상담원,True
S00401,단순,챗봇,True
S00123,단순,챗봇,True
S01208,복잡,상담원,False
S00203,단순,챗봇,True
S01463,복잡,상담원,False
S00836,단순,챗봇,True
S00247,단순,챗봇,True
S01440,복잡,상담원,False
S01754,복잡,상담원,False
S01902,복잡,상담원,False
S01708,복잡,상담원,True
S01881,복잡,상담원,False
S01154,복잡,상담원,True
S01662,복잡,상담원,True
S01427,복잡,상담원,False
S00385,단순,챗봇,True
S01759,복잡,상담원,True
S00855,단순,챗봇,True
S01590,복잡,상담원,True
S00220,단순,챗봇,True
S00642,단순,챗봇,False
S00002,단순,챗봇,True
S00113,단순,챗봇,True
S00699,단순,챗봇,True
S01916,복잡,상담원,False
S00952,단순,상담원,True
S01649,복잡,상담원,False
S01637,복잡,상담원,True
S01886,복잡,상담원,False
S01411,복잡,상담원,False
S01410,복잡,상담원,False
S01534,복잡,상담원,True
S01292,복잡,상담원,True
S01809,복잡,상담원,True
S00442,단순,챗봇,True
S01521,복잡,상담원,False
S01137,복잡,상담원,True
S01716,복잡,상담원,False
S01257,복잡,상담원,True
S01864,복잡,상담원,False
S01632,복잡,상담원,False
S01696,복잡,상담원,True
S01398,복잡,상담원,False
S00664,단순,챗봇,True
S01836,복잡,상담원,False
S01258,복잡,상담원,False
S01774,복잡,상담원,False
S01701,복잡,상담원,False
S00318,단순,챗봇,True
S00649,단순,챗봇,True
S01435,복잡,상담원,True
S01480,복잡,상담원,True
S00710,단순,챗봇,True
S01383,복잡,상담원,False
S01283,복잡,상담원,True
S00973,단순,상담원,True
S00628,단순,챗봇,True
S00633,단순,챗봇,True
S01307,복잡,상담원,True
S01401,복잡,상담원,False
S01409,복잡,상담원,False
S01249,복잡,상담원,True
S01953,복잡,상담원,False
S01255,복잡,상담원,False
S01497,복잡,상담원,False
S01372,복잡,상담원,True
S01530,복잡,상담원,True
S01664,복잡,상담원,False
S01355,복잡,상담원,True
S01926,복잡,상담원,True
S01901,복잡,상담원,True
S01644,복잡,상담원,False
S01849,복잡,상담원,False
S00796,단순,챗봇,True
S00646,단순,챗봇,True
S01013,복잡,챗봇,False
S01840,복잡,상담원,False
S00557,단순,챗봇,True
S00682,단순,챗봇,True
S00578,단순,챗봇,True
S01110,복잡,상담원,False
S01267,복잡,상담원,False
S01723,복잡,상담원,False
S01184,복잡,상담원,False
S00525,단순,챗봇,True
S01060,복잡,챗봇,False
S00541,단순,챗봇,True
S01195,복잡,상담원,True
S01679,복잡,상담원,False
S00749,단순,챗봇,True
S01852,복잡,상담원,False
S01431,복잡,상담원,False
S00485,단순,챗봇,True
S01758,복잡,상담원,False
S00096,단순,챗봇,True
S01021,복잡,챗봇,False
S00564,단순,챗봇,True
S01265,복잡,상담원,False
S00743,단순,챗봇,True
S00864,단순,챗봇,True
S01599,복잡,상담원,True
S01715,복잡,상담원,False
S01485,복잡,상담원,False
S00892,단순,챗봇,True
S01578,복잡,상담원,False
S01039,복잡,챗봇,False
S00207,단순,챗봇,True
S00393,단순,챗봇,True
S00795,단순,챗봇,True
S00871,단순,챗봇,True
S00398,단순,챗봇,True
S00767,단순,챗봇,True
S01842,복잡,상담원,False
S01242,복잡,상담원,False
S01029,복잡,챗봇,True
S01793,복잡,상담원,False
S00643,단순,챗봇,True
S01892,복잡,상담원,False
S00613,단순,챗봇,True
S01763,복잡,상담원,False
S00961,단순,상담원,True
S01571,복잡,상담원,True
S00726,단순,챗봇,True
S00684,단순,챗봇,True
S00099,단순,챗봇,True
S00805,단순,챗봇,True
S01752,복잡,상담원,True
S01598,복잡,상담원,False
S00407,단순,챗봇,True
S00503,단순,챗봇,True
S01072,복잡,챗봇,False
S01057,복잡,챗봇,True
S00930,단순,상담원,True
S00780,단순,챗봇,True
S00201,단순,챗봇,False
S00135,단순,챗봇,True
S01052,복잡,챗봇,False
S00041,단순,챗봇,True
S01018,복잡,챗봇,True
S00231,단순,챗봇,True
S01514,복잡,상담원,False
S01797,복잡,상담원,False
S00379,단순,챗봇,True
S00289,단순,챗봇,True
S00419,단순,챗봇,True
S01699,복잡,상담원,False
S00392,단순,챗봇,True
S00593,단순,챗봇,True
S01523,복잡,상담원,False
S01163,복잡,상담원,True
S01087,복잡,챗봇,True
S01496,복잡,상담원,True
S00648,단순,챗봇,True
S01153,복잡,상담원,False
S01368,복잡,상담원,False
S00521,단순,챗봇,True
S01863,복잡,상담원,False
S00065,단순,챗봇,False
S01837,복잡,상담원,True
S00015,단순,챗봇,True
S01181,복잡,상담원,False
S01065,복잡,챗봇,True
S00493,단순,챗봇,False
S00380,단순,챗봇,True
S00188,단순,챗봇,True
S00764,단순,챗봇,False
S00217,단순,챗봇,False
S00792,단순,챗봇,True
S01077,복잡,챗봇,False
S00879,단순,챗봇,True
S00338,단순,챗봇,True
S01773,복잡,상담원,True
S00720,단순,챗봇,False
S01749,복잡,상담원,False
S00296,단순,챗봇,True
S01726,복잡,상담원,False
S01017,복잡,챗봇,True
S01276,복잡,상담원,True
S01751,복잡,상담원,False
S01486,복잡,상담원,False
S00456,단순,챗봇,True
S01997,복잡,상담원,True
S00816,단순,챗봇,True
S01887,복잡,상담원,True
S00270,단순,챗봇,True
S00996,단순,상담원,True
S00202,단순,챗봇,True
S00162,단순,챗봇,True
S01580,복잡,상담원,False
S00730,단순,챗봇,True
S00402,단순,챗봇,True
S00703,단순,챗봇,True
S01501,복잡,상담원,False
S01846,복잡,상담원,True
S01796,복잡,상담원,True
S01130,복잡,상담원,True
S00566,단순,챗봇,True
S01414,복잡,상담원,True
S01022,복잡,챗봇,False
S01026,복잡,챗봇,False
S01412,복잡,상담원,False
S01896,복잡,상담원,False
S01586,복잡,상담원,False
S01105,복잡,상담원,True
S00206,단순,챗봇,True
S00035,단순,챗봇,True
S00776,단순,챗봇,True
S00509,단순,챗봇,True
S01452,복잡,상담원,False
S01479,복잡,상담원,False
S01971,복잡,상담원,True
S01391,복잡,상담원,False
S00092,단순,챗봇,True
S01364,복잡,상담원,True
S00898,단순,챗봇,True
S00565,단순,챗봇,True
S01370,복잡,상담원,False
S00777,단순,챗봇,False
S00242,단순,챗봇,True
S00014,단순,챗봇,True
S00316,단순,챗봇,True
S00601,단순,챗봇,True
S00388,단순,챗봇,True
S01298,복잡,상담원,False
S00167,단순,챗봇,True
S00841,단순,챗봇,True
S00021,단순,챗봇,True
S00647,단순,챗봇,True
S01843,복잡,상담원,False
S01509,복잡,상담원,True
S01155,복잡,상담원,True
S01529,복잡,상담원,True
S00832,단순,챗봇,True
S01268,복잡,상담원,True
S01591,복잡,상담원,False
S01900,복잡,상담원,False
S00563,단순,챗봇,True
S01952,복잡,상담원,True
S00687,단순,챗봇,True
S00958,단순,상담원,True
S00190,단순,챗봇,True
S01807,복잡,상담원,False
S00976,단순,상담원,True
S00700,단순,챗봇,True
S01500,복잡,상담원,False
S01706,복잡,상담원,False
S00511,단순,챗봇,False
S01083,복잡,챗봇,False
S00475,단순,챗봇,True
S01585,복잡,상담원,False
S00857,단순,챗봇,True
S00748,단순,챗봇,True
S00253,단순,챗봇,True
S00022,단순,챗봇,True
S01338,복잡,상담원,False
S00460,단순,챗봇,True
S01185,복잡,상담원,True
S00277,단순,챗봇,True
S00956,단순,상담원,True
S01216,복잡,상담원,False
S00386,단순,챗봇,True
S00806,단순,챗봇,True
S01438,복잡,상담원,False
S01516,복잡,상담원,False
S00344,단순,챗봇,True
S00770,단순,챗봇,True
S01333,복잡,상담원,True
S01686,복잡,상담원,True
S00131,단순,챗봇,True
S01688,복잡,상담원,False
S00872,단순,챗봇,True
S01124,복잡,상담원,True
S01397,복잡,상담원,True
S00088,단순,챗봇,True
S01483,복잡,상담원,False
S00331,단순,챗봇,True
S01239,복잡,상담원,False
S00467,단순,챗봇,True
S00122,단순,챗봇,True
S01639,복잡,상담원,True
S01045,복잡,챗봇,False
S01725,복잡,상담원,True
S01096,복잡,챗봇,False
S01131,복잡,상담원,False
S01295,복잡,상담원,False
S00861,단순,챗봇,True
S01460,복잡,상담원,True
S01127,복잡,상담원,True
