member_id,year_month,visit_count,pt_session_count,avg_stay_min
M0001,2024-07,7,0,69.9
M0001,2024-08,12,1,57.1
M0001,2024-09,7,1,54.6
M0001,2024-10,8,0,71.9
M0001,2024-11,8,0,44.4
M0001,2024-12,15,0,63.0
M0002,2024-05,11,0,69.0
M0002,2024-06,7,0,46.8
M0002,2024-07,6,0,60.5
M0002,2024-08,11,0,43.0
M0002,2024-09,9,0,69.3
M0002,2024-10,14,0,38.4
M0002,2024-11,4,0,41.8
M0002,2024-12,8,0,58.3
M0003,2024-02,6,0,51.4
M0003,2024-03,6,3,49.6
M0003,2024-04,13,3,38.2
M0003,2024-05,8,1,72.0
M0003,2024-06,4,0,64.6
M0003,2024-07,3,0,59.4
M0003,2024-08,12,0,72.6
M0003,2024-09,9,0,48.9
M0003,2024-10,12,0,60.4
M0003,2024-11,8,0,68.5
M0003,2024-12,6,1,60.2
M0004,2024-06,12,0,52.6
M0004,2024-07,10,2,74.7
M0004,2024-08,10,0,49.2
M0004,2024-09,19,0,88.6
M0004,2024-10,15,0,85.7
M0004,2024-11,6,0,56.4
M0004,2024-12,9,0,45.7
M0005,2024-10,14,3,66.3
M0005,2024-11,4,2,51.9
M0005,2024-12,10,0,80.0
M0006,2024-06,6,0,38.0
M0006,2024-07,5,1,62.5
M0006,2024-08,11,0,54.2
M0006,2024-09,8,0,58.7
M0006,2024-10,10,0,37.9
M0006,2024-11,8,0,61.8
M0006,2024-12,15,1,56.2
M0007,2024-06,9,2,51.8
M0007,2024-07,15,0,50.4
M0007,2024-08,9,2,49.7
M0007,2024-09,7,0,75.3
M0007,2024-10,8,0,49.2
M0007,2024-11,7,0,69.5
M0007,2024-12,5,0,55.7
M0008,2024-07,7,0,67.1
M0008,2024-08,7,0,69.2
M0008,2024-09,12,0,88.3
M0008,2024-10,13,1,73.0
M0008,2024-11,7,1,61.5
M0008,2024-12,11,0,65.7
M0009,2024-09,15,1,50.2
M0009,2024-10,6,0,54.5
M0009,2024-11,14,4,36.7
M0009,2024-12,6,0,75.2
M0010,2024-10,10,1,66.9
M0010,2024-11,1,0,68.2
M0010,2024-12,2,0,37.1
M0011,2024-02,8,0,81.4
M0011,2024-03,11,0,47.5
M0011,2024-04,9,3,26.9
M0011,2024-05,13,0,85.9
M0011,2024-06,12,1,55.5
M0011,2024-07,8,0,72.8
M0011,2024-08,12,0,54.1
M0011,2024-09,8,0,37.7
M0011,2024-10,4,1,55.4
M0011,2024-11,11,3,54.5
M0011,2024-12,9,0,41.5
M0012,2024-09,11,1,60.0
M0012,2024-10,11,0,72.7
M0012,2024-11,8,0,69.8
M0012,2024-12,10,0,71.9
M0013,2024-07,9,1,43.8
M0013,2024-08,5,1,54.3
M0013,2024-09,6,0,43.3
M0013,2024-10,2,0,72.7
M0013,2024-11,2,1,55.5
M0014,2024-05,8,0,55.3
M0014,2024-06,6,0,85.5
M0014,2024-07,7,0,78.1
M0014,2024-08,9,0,45.2
M0014,2024-09,9,0,60.5
M0014,2024-10,6,0,74.2
M0014,2024-11,7,0,60.2
M0014,2024-12,12,0,49.1
M0015,2024-01,8,3,62.5
M0015,2024-02,5,0,61.2
M0015,2024-03,8,0,90.0
M0015,2024-04,19,0,55.0
M0015,2024-05,8,4,67.7
M0015,2024-06,11,0,44.5
M0015,2024-07,7,0,63.0
M0015,2024-08,9,0,46.9
M0015,2024-09,9,0,40.4
M0015,2024-10,9,0,74.0
M0015,2024-11,5,0,66.7
M0015,2024-12,5,0,74.6
M0016,2024-01,10,0,40.1
M0016,2024-02,7,0,60.1
M0016,2024-03,10,0,65.0
M0016,2024-04,9,0,66.3
M0016,2024-05,9,1,70.0
M0016,2024-06,5,1,48.5
M0016,2024-07,6,0,93.2
M0016,2024-08,10,0,44.6
M0016,2024-09,4,0,75.2
M0016,2024-10,2,0,69.5
M0017,2024-03,9,0,74.3
M0017,2024-04,9,0,92.5
M0017,2024-05,9,0,87.7
M0017,2024-06,9,0,55.4
M0017,2024-07,10,0,76.2
M0017,2024-08,7,1,89.9
M0017,2024-09,2,2,47.9
M0017,2024-10,10,0,62.5
M0017,2024-11,7,0,80.4
M0017,2024-12,10,1,57.2
M0018,2024-03,4,0,75.7
M0018,2024-04,8,0,47.5
M0018,2024-05,10,0,59.1
M0018,2024-06,9,0,69.1
M0018,2024-07,3,0,56.2
M0018,2024-08,8,0,64.4
M0018,2024-09,13,0,53.9
M0018,2024-10,7,0,32.2
M0018,2024-11,6,0,51.4
M0018,2024-12,8,1,57.0
M0019,2024-01,9,0,46.5
M0019,2024-02,10,0,93.9
M0019,2024-03,13,0,57.6
M0019,2024-04,10,1,54.3
M0019,2024-05,10,0,72.7
M0019,2024-06,8,0,64.7
M0019,2024-07,8,1,50.7
M0019,2024-08,12,0,63.3
M0019,2024-09,14,3,72.8
M0019,2024-10,11,0,53.6
M0019,2024-11,6,0,56.3
M0019,2024-12,11,0,55.4
M0020,2024-02,9,0,39.1
M0020,2024-03,8,1,51.7
M0020,2024-04,9,0,59.1
M0020,2024-05,6,4,68.2
M0020,2024-06,7,0,61.9
M0020,2024-07,9,1,63.0
M0020,2024-08,8,2,96.9
M0020,2024-09,8,0,36.1
M0020,2024-10,11,0,57.9
M0020,2024-11,14,0,55.8
M0020,2024-12,10,0,45.1
M0021,2024-10,11,0,61.0
M0021,2024-11,3,1,66.5
M0021,2024-12,2,0,61.7
M0022,2024-01,8,0,72.0
M0022,2024-02,11,0,59.1
M0022,2024-03,8,0,48.7
M0022,2024-04,13,0,104.1
M0022,2024-05,10,1,71.5
M0022,2024-06,12,0,72.8
M0022,2024-07,9,3,49.9
M0022,2024-08,8,0,75.1
M0022,2024-09,9,0,79.7
M0022,2024-10,12,2,57.6
M0022,2024-11,6,0,90.3
M0022,2024-12,13,0,55.2
M0023,2024-07,5,0,74.6
M0023,2024-08,12,0,63.3
M0023,2024-09,14,2,54.0
M0023,2024-10,7,3,60.0
M0023,2024-11,7,0,64.9
M0023,2024-12,7,0,48.9
M0024,2024-10,11,2,53.4
M0024,2024-11,13,0,56.5
M0024,2024-12,5,1,56.5
M0025,2024-01,5,0,38.0
M0025,2024-02,5,0,45.5
M0025,2024-03,9,0,62.9
M0025,2024-04,7,0,66.9
M0025,2024-05,15,0,80.5
M0025,2024-06,8,2,61.0
M0025,2024-07,6,0,50.1
M0025,2024-08,6,0,71.7
M0025,2024-09,11,0,31.7
M0025,2024-10,5,0,55.0
M0025,2024-11,8,1,87.8
M0025,2024-12,7,0,67.7
M0026,2024-03,9,0,50.6
M0026,2024-04,11,0,53.6
M0026,2024-05,9,0,53.7
M0026,2024-06,9,1,43.3
M0026,2024-07,16,5,40.9
M0026,2024-08,8,0,59.5
M0026,2024-09,11,0,50.9
M0026,2024-10,4,2,63.7
M0026,2024-11,10,1,76.6
M0026,2024-12,8,0,74.8
M0027,2024-08,6,0,70.5
M0027,2024-09,11,0,61.3
M0027,2024-10,11,4,53.6
M0027,2024-11,11,0,70.3
M0027,2024-12,9,1,75.3
M0028,2024-05,6,0,21.7
M0028,2024-06,9,0,54.7
M0028,2024-07,5,4,74.4
M0028,2024-08,5,0,81.2
M0028,2024-09,1,0,81.9
M0029,2024-03,5,0,39.6
M0029,2024-04,7,0,43.3
M0029,2024-05,6,2,48.9
M0029,2024-06,10,0,67.5
M0029,2024-07,4,2,67.3
M0029,2024-08,4,0,66.1
M0029,2024-09,9,0,63.3
M0029,2024-10,15,0,49.0
M0029,2024-11,14,0,76.6
M0029,2024-12,6,0,66.0
M0030,2024-04,11,0,66.9
M0030,2024-05,18,0,53.6
M0030,2024-06,14,0,64.3
M0030,2024-07,8,0,60.8
M0030,2024-08,5,0,76.9
M0030,2024-09,8,1,76.7
M0030,2024-10,9,0,37.2
M0030,2024-11,3,0,52.6
M0030,2024-12,11,0,71.4
M0031,2024-01,11,0,58.9
M0031,2024-02,9,0,52.8
M0031,2024-03,4,0,85.0
M0031,2024-04,10,0,58.0
M0031,2024-05,9,0,77.2
M0031,2024-06,10,0,47.1
M0031,2024-07,6,0,87.3
M0031,2024-08,16,2,86.4
M0031,2024-09,7,1,55.2
M0031,2024-10,4,0,71.1
M0031,2024-11,5,0,57.3
M0031,2024-12,6,0,57.2
M0032,2024-01,7,0,63.1
M0032,2024-02,5,0,62.3
M0032,2024-03,6,1,67.9
M0032,2024-04,9,0,51.4
M0032,2024-05,11,0,73.0
M0032,2024-06,13,0,55.6
M0032,2024-07,6,0,53.6
M0032,2024-08,7,0,84.4
M0032,2024-09,5,0,56.0
M0032,2024-10,2,0,63.1
M0033,2024-02,10,0,38.8
M0033,2024-03,6,0,63.5
M0033,2024-04,3,0,54.6
M0033,2024-05,9,0,39.8
M0033,2024-06,9,0,50.8
M0033,2024-07,12,0,70.6
M0033,2024-08,10,0,68.5
M0033,2024-09,14,3,57.1
M0033,2024-10,15,1,43.7
M0033,2024-11,16,0,48.9
M0033,2024-12,8,0,92.4
M0034,2024-03,9,0,67.5
M0034,2024-04,11,0,81.0
M0034,2024-05,4,0,72.6
M0034,2024-06,8,0,94.1
M0034,2024-07,12,0,73.4
M0034,2024-08,10,0,49.1
M0034,2024-09,7,3,77.5
M0034,2024-10,7,0,42.2
M0034,2024-11,3,0,56.7
M0034,2024-12,2,3,93.8
M0035,2024-04,13,0,63.6
M0035,2024-05,11,2,63.3
M0035,2024-06,9,0,88.2
M0035,2024-07,13,0,59.5
M0035,2024-08,6,0,68.6
M0035,2024-09,5,2,42.0
M0035,2024-10,6,0,62.7
M0035,2024-11,14,0,56.5
M0035,2024-12,11,0,52.9
M0036,2024-07,8,0,52.8
M0036,2024-08,7,0,69.8
M0036,2024-09,8,0,65.7
M0036,2024-10,8,0,79.2
M0036,2024-11,13,0,57.6
M0036,2024-12,12,0,53.5
M0037,2024-05,8,0,81.7
M0037,2024-06,8,1,59.3
M0037,2024-07,11,1,43.5
M0037,2024-08,12,0,56.6
M0037,2024-09,13,2,52.4
M0037,2024-10,6,0,34.1
M0037,2024-11,9,0,65.2
M0037,2024-12,7,0,38.5
M0038,2024-01,7,0,64.8
M0038,2024-02,9,0,65.6
M0038,2024-03,7,0,44.5
M0038,2024-04,13,0,80.4
M0038,2024-05,7,0,80.3
M0038,2024-06,6,0,82.2
M0038,2024-07,10,0,33.0
M0038,2024-08,11,0,59.6
M0038,2024-09,7,0,62.4
M0038,2024-10,14,2,53.5
M0038,2024-11,6,0,34.0
M0038,2024-12,12,0,55.8
M0039,2024-01,10,0,70.1
M0039,2024-02,2,0,60.9
M0039,2024-03,3,0,78.5
M0040,2024-04,15,0,55.3
M0040,2024-05,8,0,52.9
M0040,2024-06,12,0,58.7
M0040,2024-07,13,0,55.3
M0040,2024-08,7,1,46.6
M0040,2024-09,3,0,56.6
M0040,2024-10,3,0,48.2
M0041,2024-03,8,0,75.7
M0041,2024-04,5,0,71.1
M0041,2024-05,10,1,89.0
M0041,2024-06,3,0,52.0
M0041,2024-07,4,0,66.2
M0042,2024-05,5,0,48.6
M0042,2024-06,8,0,62.0
M0042,2024-07,10,2,71.2
M0042,2024-08,13,1,97.4
M0042,2024-09,8,0,73.0
M0042,2024-10,9,0,59.3
M0042,2024-11,3,0,49.2
M0042,2024-12,2,0,94.0
M0043,2024-02,9,0,56.5
M0043,2024-03,8,0,65.8
M0043,2024-04,2,2,62.0
M0043,2024-05,3,0,68.7
M0043,2024-06,4,0,51.9
M0043,2024-07,13,1,55.1
M0043,2024-08,6,0,70.4
M0043,2024-09,5,0,49.6
M0043,2024-10,5,1,64.8
M0043,2024-11,7,1,63.4
M0043,2024-12,9,2,36.2
M0044,2024-03,8,0,70.8
M0044,2024-04,13,0,71.6
M0044,2024-05,12,0,60.5
M0044,2024-06,6,0,62.8
M0044,2024-07,9,1,49.4
M0044,2024-08,14,0,44.5
M0044,2024-09,4,0,79.6
M0044,2024-10,6,0,72.2
M0044,2024-11,12,0,98.1
M0044,2024-12,10,0,68.6
M0045,2024-10,7,0,53.9
M0045,2024-11,10,0,60.6
M0045,2024-12,9,0,28.7
M0046,2024-04,8,0,77.6
M0046,2024-05,5,0,76.1
M0046,2024-06,17,0,62.4
M0046,2024-07,8,0,73.6
M0046,2024-08,8,1,76.5
M0046,2024-09,14,0,50.1
M0046,2024-10,11,0,57.7
M0046,2024-11,10,0,68.6
M0046,2024-12,6,0,53.7
M0047,2024-10,11,0,59.4
M0047,2024-11,2,0,53.0
M0047,2024-12,3,0,71.2
M0048,2024-07,7,0,77.2
M0048,2024-08,10,0,52.6
M0048,2024-09,9,0,43.1
M0048,2024-10,6,2,68.9
M0048,2024-11,9,0,61.6
M0048,2024-12,18,0,61.0
M0049,2024-03,13,0,52.6
M0049,2024-04,11,0,52.8
M0049,2024-05,7,0,69.1
M0049,2024-06,12,0,52.4
M0049,2024-07,16,0,52.7
M0049,2024-08,9,2,85.5
M0049,2024-09,8,0,65.0
M0049,2024-10,14,0,47.0
M0049,2024-11,8,0,58.8
M0049,2024-12,9,2,55.9
M0050,2024-05,7,2,70.1
M0050,2024-06,10,0,37.9
M0050,2024-07,6,2,61.0
M0050,2024-08,10,0,81.0
M0050,2024-09,13,0,65.0
M0050,2024-10,8,1,53.2
M0050,2024-11,9,0,49.4
M0050,2024-12,10,1,67.4
M0051,2024-04,9,0,74.4
M0051,2024-05,9,0,59.2
M0051,2024-06,8,0,60.5
M0051,2024-07,9,1,53.1
M0051,2024-08,10,0,60.2
M0051,2024-09,4,0,42.9
M0051,2024-10,11,0,80.2
M0051,2024-11,9,0,57.5
M0051,2024-12,5,0,54.9
M0052,2024-03,10,0,46.5
M0052,2024-04,11,0,55.1
M0052,2024-05,6,3,60.1
M0052,2024-06,14,0,50.7
M0052,2024-07,9,0,59.7
M0052,2024-08,8,0,55.4
M0052,2024-09,9,0,53.5
M0052,2024-10,7,0,57.0
M0052,2024-11,6,0,32.1
M0052,2024-12,9,0,61.6
M0053,2024-04,7,0,59.9
M0053,2024-05,6,1,52.4
M0053,2024-06,11,1,65.6
M0053,2024-07,4,0,64.3
M0053,2024-08,6,2,51.1
M0053,2024-09,7,0,76.7
M0053,2024-10,11,1,54.0
M0053,2024-11,10,0,74.9
M0053,2024-12,10,0,72.3
M0054,2024-04,12,0,28.3
M0054,2024-05,9,1,79.9
M0054,2024-06,10,0,65.6
M0054,2024-07,9,1,49.5
M0054,2024-08,10,0,70.9
M0054,2024-09,6,0,31.6
M0054,2024-10,10,0,61.2
M0054,2024-11,12,4,46.2
M0054,2024-12,8,0,58.5
M0055,2024-09,7,0,59.1
M0055,2024-10,11,0,50.2
M0055,2024-11,12,0,62.9
M0055,2024-12,5,0,39.4
M0056,2024-03,11,0,76.8
M0056,2024-04,9,0,60.5
M0056,2024-05,6,1,48.4
M0056,2024-06,13,0,67.9
M0056,2024-07,16,0,44.1
M0056,2024-08,10,0,62.7
M0056,2024-09,11,2,47.6
M0056,2024-10,11,0,52.0
M0056,2024-11,11,0,53.4
M0056,2024-12,10,0,56.7
M0057,2024-06,12,0,53.3
M0057,2024-07,6,0,61.5
M0057,2024-08,6,0,51.8
M0057,2024-09,5,0,63.0
M0057,2024-10,6,0,48.2
M0057,2024-11,9,1,72.5
M0057,2024-12,7,0,85.9
M0058,2024-05,10,0,49.3
M0058,2024-06,10,0,53.6
M0058,2024-07,11,1,22.9
M0058,2024-08,12,0,61.4
M0058,2024-09,17,0,60.9
M0058,2024-10,6,0,70.5
M0058,2024-11,3,0,60.3
M0058,2024-12,3,0,51.2
M0059,2024-01,13,1,69.6
M0059,2024-02,8,1,55.8
M0059,2024-03,6,0,49.8
M0059,2024-04,13,0,80.0
M0059,2024-05,9,0,63.7
M0059,2024-06,2,0,36.7
M0059,2024-07,3,0,56.7
M0060,2024-10,12,4,79.5
M0060,2024-11,7,0,64.4
M0060,2024-12,13,0,47.0
M0061,2024-02,17,0,45.5
M0061,2024-03,10,0,77.0
M0061,2024-04,7,0,80.8
M0061,2024-05,7,2,47.0
M0061,2024-06,6,0,47.1
M0061,2024-07,10,0,45.2
M0061,2024-08,7,0,54.3
M0061,2024-09,6,0,58.4
M0061,2024-10,7,1,90.7
M0061,2024-11,12,0,74.0
M0061,2024-12,8,0,58.5
M0062,2024-02,7,0,75.4
M0062,2024-03,9,2,60.5
M0062,2024-04,6,0,56.8
M0062,2024-05,10,0,87.6
M0062,2024-06,2,0,94.8
M0062,2024-07,3,0,64.7
M0063,2024-09,11,0,84.2
M0063,2024-10,5,0,51.1
M0063,2024-11,2,0,72.5
M0063,2024-12,3,0,84.2
M0064,2024-05,8,0,61.4
M0064,2024-06,8,0,66.7
M0064,2024-07,7,2,50.9
M0064,2024-08,6,0,56.9
M0064,2024-09,12,0,39.5
M0064,2024-10,14,0,55.6
M0064,2024-11,8,0,55.9
M0064,2024-12,9,0,80.9
M0065,2024-04,7,0,70.0
M0065,2024-05,6,0,64.3
M0065,2024-06,9,1,57.0
M0065,2024-07,7,2,42.3
M0065,2024-08,3,0,38.5
M0065,2024-09,2,0,68.5
M0066,2024-01,9,0,70.3
M0066,2024-02,8,0,84.2
M0066,2024-03,12,0,55.6
M0066,2024-04,1,0,53.0
M0066,2024-05,5,0,66.4
M0066,2024-06,12,0,76.7
M0066,2024-07,9,0,67.4
M0066,2024-08,12,2,56.2
M0066,2024-09,11,1,52.5
M0066,2024-10,7,0,54.3
M0066,2024-11,10,0,64.3
M0066,2024-12,10,0,83.2
M0067,2024-09,12,0,37.9
M0067,2024-10,9,0,46.9
M0067,2024-11,3,0,54.2
M0067,2024-12,2,0,56.0
M0068,2024-03,6,3,75.1
M0068,2024-04,8,0,69.2
M0068,2024-05,9,2,52.7
M0068,2024-06,5,0,76.9
M0068,2024-07,7,0,82.3
M0068,2024-08,6,1,77.3
M0068,2024-09,14,0,51.1
M0068,2024-10,7,0,57.9
M0068,2024-11,12,0,97.2
M0068,2024-12,8,0,56.9
M0069,2024-01,6,2,65.2
M0069,2024-02,12,0,41.2
M0069,2024-03,13,3,50.1
M0069,2024-04,7,4,42.1
M0069,2024-05,2,0,40.8
M0069,2024-06,2,0,55.8
M0070,2024-08,2,1,71.4
M0070,2024-09,10,0,44.2
M0070,2024-10,9,0,56.8
M0070,2024-11,10,0,66.4
M0070,2024-12,10,0,73.4
M0071,2024-04,6,0,72.0
M0071,2024-05,5,0,60.9
M0071,2024-06,9,1,76.3
M0071,2024-07,11,0,50.8
M0071,2024-08,6,0,85.6
M0071,2024-09,6,0,59.7
M0071,2024-10,14,0,56.6
M0071,2024-11,9,0,44.0
M0071,2024-12,11,0,92.7
M0072,2024-05,10,0,72.6
M0072,2024-06,14,0,25.9
M0072,2024-07,3,0,43.8
M0072,2024-08,3,0,54.7
M0073,2024-04,11,0,71.9
M0073,2024-05,10,0,40.2
M0073,2024-06,4,0,79.0
M0073,2024-07,6,1,70.5
M0073,2024-08,9,1,60.8
M0073,2024-09,7,0,51.3
M0073,2024-10,7,0,56.4
M0073,2024-11,11,0,42.9
M0073,2024-12,9,0,72.5
M0074,2024-09,8,0,73.8
M0074,2024-10,6,0,58.1
M0074,2024-11,2,0,54.6
M0074,2024-12,2,0,63.6
M0075,2024-02,10,1,49.3
M0075,2024-03,10,0,71.4
M0075,2024-04,13,0,69.3
M0075,2024-05,10,0,62.4
M0075,2024-06,11,1,47.6
M0075,2024-07,6,1,75.8
M0075,2024-08,9,0,49.8
M0075,2024-09,14,0,37.8
M0075,2024-10,3,0,42.3
M0075,2024-11,9,3,62.1
M0075,2024-12,10,0,69.5
M0076,2024-02,6,0,46.0
M0076,2024-03,10,1,52.6
M0076,2024-04,9,4,70.1
M0076,2024-05,21,0,82.8
M0076,2024-06,7,0,84.8
M0076,2024-07,16,0,98.1
M0076,2024-08,9,1,80.5
M0076,2024-09,5,0,73.2
M0076,2024-10,12,1,65.3
M0076,2024-11,7,0,31.7
M0076,2024-12,12,0,56.3
M0077,2024-09,9,0,59.7
M0077,2024-10,12,2,68.0
M0077,2024-11,10,1,63.1
M0077,2024-12,7,0,36.4
M0078,2024-03,10,0,65.9
M0078,2024-04,9,0,68.3
M0078,2024-05,9,0,37.8
M0078,2024-06,7,0,65.0
M0078,2024-07,10,1,47.1
M0078,2024-08,9,0,66.1
M0078,2024-09,10,0,67.0
M0078,2024-10,12,0,80.4
M0078,2024-11,9,0,66.9
M0078,2024-12,9,2,42.4
M0079,2024-05,4,1,46.5
M0079,2024-06,6,0,66.5
M0079,2024-07,10,0,71.6
M0079,2024-08,5,0,73.5
M0079,2024-09,11,0,43.2
M0079,2024-10,6,0,65.0
M0079,2024-11,3,0,52.1
M0079,2024-12,2,1,43.6
M0080,2024-01,4,0,81.3
M0080,2024-02,11,0,55.8
M0080,2024-03,8,0,40.9
M0080,2024-04,5,1,63.2
M0080,2024-05,10,0,67.0
M0080,2024-06,9,0,58.9
M0080,2024-07,11,0,68.2
M0080,2024-08,19,0,73.1
M0080,2024-09,7,0,59.8
M0080,2024-10,11,0,32.5
M0080,2024-11,6,1,74.3
M0080,2024-12,10,0,57.9
M0081,2024-04,7,0,64.6
M0081,2024-05,7,1,41.8
M0081,2024-06,9,0,79.4
M0081,2024-07,8,0,75.7
M0081,2024-08,13,1,67.8
M0081,2024-09,10,0,45.3
M0081,2024-10,13,0,47.0
M0081,2024-11,8,3,64.5
M0081,2024-12,11,0,44.9
M0082,2024-05,5,0,45.7
M0082,2024-06,9,0,64.5
M0082,2024-07,5,2,56.0
M0082,2024-08,12,0,65.1
M0082,2024-09,7,0,88.0
M0082,2024-10,14,0,50.6
M0082,2024-11,11,0,45.5
M0082,2024-12,10,1,44.4
M0083,2024-08,15,3,45.0
M0083,2024-09,8,2,66.2
M0083,2024-10,7,0,62.5
M0083,2024-11,3,0,59.4
M0083,2024-12,2,2,100.6
M0084,2024-06,9,0,72.3
M0084,2024-07,7,0,55.2
M0084,2024-08,9,2,89.3
M0084,2024-09,8,0,90.8
M0084,2024-10,3,0,79.0
M0084,2024-11,4,0,64.6
M0085,2024-06,8,0,83.7
M0085,2024-07,6,2,34.1
M0085,2024-08,9,0,65.1
M0085,2024-09,9,0,59.8
M0085,2024-10,12,0,96.4
M0085,2024-11,2,0,67.3
M0085,2024-12,5,0,49.2
M0086,2024-01,9,0,81.3
M0086,2024-02,7,0,39.9
M0086,2024-03,6,0,59.1
M0086,2024-04,7,0,33.7
M0086,2024-05,14,0,85.5
M0086,2024-06,5,0,74.3
M0086,2024-07,9,1,56.9
M0086,2024-08,9,2,80.9
M0086,2024-09,5,1,82.6
M0086,2024-10,10,0,48.8
M0086,2024-11,4,0,51.0
M0086,2024-12,11,0,82.0
M0087,2024-07,14,0,68.8
M0087,2024-08,6,0,52.7
M0087,2024-09,12,1,44.8
M0087,2024-10,8,0,63.8
M0087,2024-11,3,0,75.3
M0087,2024-12,3,0,75.4
M0088,2024-10,10,0,45.2
M0088,2024-11,13,2,52.3
M0088,2024-12,8,0,50.1
M0089,2024-06,7,1,61.1
M0089,2024-07,13,0,49.7
M0089,2024-08,8,0,66.3
M0089,2024-09,16,2,52.7
M0089,2024-10,4,2,67.7
M0089,2024-11,6,3,70.0
M0089,2024-12,8,0,71.5
M0090,2024-02,10,0,46.7
M0090,2024-03,7,1,48.8
M0090,2024-04,13,3,84.3
M0090,2024-05,9,0,71.5
M0090,2024-06,9,0,67.0
M0090,2024-07,10,2,78.6
M0090,2024-08,7,0,73.9
M0090,2024-09,9,0,66.5
M0090,2024-10,14,0,76.9
M0090,2024-11,8,0,67.2
M0090,2024-12,7,1,60.1
M0091,2024-01,8,1,71.4
M0091,2024-02,8,0,65.1
M0091,2024-03,11,1,56.4
M0091,2024-04,5,0,77.0
M0091,2024-05,13,3,70.7
M0091,2024-06,7,0,73.4
M0091,2024-07,9,0,27.8
M0091,2024-08,10,0,67.4
M0091,2024-09,11,0,46.3
M0091,2024-10,7,2,69.8
M0091,2024-11,15,0,57.8
M0091,2024-12,7,0,65.4
M0092,2024-09,8,0,67.1
M0092,2024-10,6,0,57.4
M0092,2024-11,8,0,45.7
M0092,2024-12,12,0,68.0
M0093,2024-02,7,1,61.8
M0093,2024-03,6,0,63.4
M0093,2024-04,8,0,72.5
M0093,2024-05,12,0,85.7
M0093,2024-06,6,0,75.1
M0093,2024-07,6,0,73.0
M0093,2024-08,7,2,71.9
M0093,2024-09,13,0,82.9
M0093,2024-10,4,2,70.4
M0093,2024-11,9,0,69.1
M0093,2024-12,10,0,58.7
M0094,2024-09,6,2,44.9
M0094,2024-10,8,1,74.7
M0094,2024-11,12,0,71.9
M0094,2024-12,11,0,53.6
M0095,2024-04,4,1,65.5
M0095,2024-05,8,0,51.7
M0095,2024-06,11,0,68.7
M0095,2024-07,5,0,78.2
M0095,2024-08,9,1,83.7
M0095,2024-09,11,0,48.3
M0095,2024-10,6,3,79.5
M0095,2024-11,14,0,63.7
M0095,2024-12,11,0,68.1
M0096,2024-02,7,0,64.3
M0096,2024-03,4,0,40.7
M0096,2024-04,4,0,48.8
M0097,2024-05,11,1,73.7
M0097,2024-06,1,1,55.2
M0097,2024-07,3,0,60.5
M0098,2024-02,9,2,69.2
M0098,2024-03,2,0,73.3
M0098,2024-04,14,0,69.0
M0098,2024-05,7,0,74.3
M0098,2024-06,9,0,51.9
M0098,2024-07,4,0,70.8
M0098,2024-08,3,0,47.2
M0098,2024-09,9,0,50.1
M0098,2024-10,10,0,68.2
M0098,2024-11,11,0,77.0
M0098,2024-12,13,0,55.2
M0099,2024-05,9,0,72.5
M0099,2024-06,12,1,55.7
M0099,2024-07,11,0,81.7
M0099,2024-08,10,0,79.2
M0099,2024-09,5,3,87.5
M0099,2024-10,11,0,58.2
M0099,2024-11,9,0,55.2
M0099,2024-12,3,0,55.5
M0100,2024-01,11,0,74.0
M0100,2024-02,8,0,83.5
M0100,2024-03,3,0,68.9
M0100,2024-04,9,0,70.1
M0100,2024-05,4,0,32.0
M0100,2024-06,10,0,79.6
M0100,2024-07,4,3,93.8
M0100,2024-08,8,3,74.9
M0100,2024-09,8,3,58.9
M0100,2024-10,6,2,42.6
M0100,2024-11,9,3,70.5
M0100,2024-12,11,1,80.4
M0101,2024-05,9,0,60.5
M0101,2024-06,9,2,61.1
M0101,2024-07,7,0,35.4
M0101,2024-08,9,0,81.5
M0101,2024-09,12,0,58.9
M0101,2024-10,6,2,76.3
M0101,2024-11,6,0,56.1
M0101,2024-12,8,0,44.4
M0102,2024-03,10,0,52.6
M0102,2024-04,9,0,39.2
M0102,2024-05,9,0,50.5
M0102,2024-06,11,1,37.3
M0102,2024-07,6,0,80.5
M0102,2024-08,8,0,57.1
M0102,2024-09,7,1,51.9
M0102,2024-10,11,0,50.9
M0102,2024-11,9,0,71.3
M0102,2024-12,8,0,59.1
M0103,2024-05,11,0,78.8
M0103,2024-06,4,0,62.0
M0103,2024-07,11,0,43.9
M0103,2024-08,11,0,48.6
M0103,2024-09,8,0,63.9
M0103,2024-10,6,3,52.3
M0103,2024-11,7,0,76.2
M0103,2024-12,7,0,47.7
M0104,2024-09,5,0,52.2
M0104,2024-10,16,2,72.0
M0104,2024-11,7,0,65.6
M0104,2024-12,12,0,58.0
M0105,2024-03,9,0,87.4
M0105,2024-04,11,0,59.4
M0105,2024-05,7,0,85.1
M0105,2024-06,9,1,75.6
M0105,2024-07,8,0,43.9
M0105,2024-08,12,0,73.4
M0105,2024-09,12,0,52.6
M0105,2024-10,3,1,59.5
M0105,2024-11,1,0,53.1
M0106,2024-09,5,0,66.7
M0106,2024-10,10,0,62.9
M0106,2024-11,5,0,36.0
M0106,2024-12,13,0,60.4
M0107,2024-04,8,0,58.3
M0107,2024-05,6,0,50.3
M0107,2024-06,14,0,82.8
M0107,2024-07,6,2,52.6
M0107,2024-08,13,1,63.3
M0107,2024-09,7,0,66.8
M0107,2024-10,11,0,60.8
M0107,2024-11,11,0,63.5
M0107,2024-12,12,0,47.8
M0108,2024-01,8,0,86.1
M0108,2024-02,12,0,57.9
M0108,2024-03,9,0,63.0
M0108,2024-04,5,0,60.9
M0108,2024-05,8,0,49.6
M0108,2024-06,7,0,72.3
M0108,2024-07,7,0,52.6
M0108,2024-08,10,1,42.1
M0108,2024-09,10,4,55.6
M0108,2024-10,9,2,63.2
M0108,2024-11,11,1,41.2
M0108,2024-12,8,0,74.6
M0109,2024-09,5,0,31.7
M0109,2024-10,12,1,48.7
M0109,2024-11,13,5,66.7
M0109,2024-12,5,0,77.5
M0110,2024-03,11,0,50.0
M0110,2024-04,8,0,67.7
M0110,2024-05,7,0,45.5
M0110,2024-06,8,1,67.5
M0110,2024-07,8,0,59.6
M0110,2024-08,11,1,72.3
M0110,2024-09,11,0,60.5
M0110,2024-10,6,0,61.9
M0110,2024-11,11,0,81.6
M0110,2024-12,4,2,37.5
M0111,2024-01,7,3,66.3
M0111,2024-02,2,0,34.6
M0111,2024-03,4,0,79.0
M0112,2024-06,11,1,56.4
M0112,2024-07,12,0,78.6
M0112,2024-08,2,2,54.1
M0112,2024-09,3,1,78.1
M0113,2024-02,9,2,78.3
M0113,2024-03,10,1,85.8
M0113,2024-04,13,1,86.8
M0113,2024-05,7,0,103.6
M0113,2024-06,9,2,47.8
M0113,2024-07,13,1,71.5
M0113,2024-08,9,0,65.1
M0113,2024-09,7,4,61.4
M0113,2024-10,10,0,58.6
M0113,2024-11,6,0,66.6
M0113,2024-12,2,0,79.3
M0114,2024-03,10,0,33.1
M0114,2024-04,5,0,54.3
M0114,2024-05,11,0,44.5
M0114,2024-06,15,0,33.7
M0114,2024-07,14,0,63.6
M0114,2024-08,10,0,54.8
M0114,2024-09,7,0,66.8
M0114,2024-10,15,0,39.3
M0114,2024-11,10,0,73.5
M0114,2024-12,12,0,38.7
M0115,2024-03,11,0,72.3
M0115,2024-04,3,1,60.2
M0115,2024-05,4,0,53.8
M0115,2024-06,4,3,66.4
M0116,2024-03,9,3,77.4
M0116,2024-04,5,0,39.0
M0116,2024-05,7,0,58.1
M0116,2024-06,10,3,56.9
M0116,2024-07,7,0,61.3
M0116,2024-08,10,0,33.2
M0116,2024-09,9,0,54.1
M0116,2024-10,11,2,43.4
M0116,2024-11,6,0,57.6
M0116,2024-12,8,1,49.1
M0117,2024-03,13,0,42.0
M0117,2024-04,6,0,76.2
M0117,2024-05,14,1,49.0
M0117,2024-06,9,2,74.0
M0117,2024-07,6,0,74.2
M0117,2024-08,7,0,67.6
M0117,2024-09,8,3,59.8
M0117,2024-10,13,0,82.0
M0117,2024-11,14,3,65.7
M0117,2024-12,10,0,64.2
M0118,2024-05,10,1,62.8
M0118,2024-06,12,0,41.9
M0118,2024-07,3,2,60.2
M0118,2024-08,9,0,74.2
M0118,2024-09,11,0,73.7
M0118,2024-10,10,0,61.2
M0118,2024-11,11,2,43.9
M0118,2024-12,6,0,53.3
M0119,2024-10,11,0,91.5
M0119,2024-11,5,0,63.5
M0119,2024-12,6,0,86.3
M0120,2024-02,3,0,67.9
M0120,2024-03,5,0,47.2
M0120,2024-04,9,0,64.7
M0120,2024-05,11,2,55.2
M0120,2024-06,12,4,70.4
M0120,2024-07,7,0,62.4
M0120,2024-08,6,0,66.8
M0120,2024-09,8,0,78.0
M0120,2024-10,10,0,55.8
M0120,2024-11,12,1,39.5
M0120,2024-12,8,2,68.9
M0121,2024-03,12,0,63.4
M0121,2024-04,7,0,69.9
M0121,2024-05,9,0,36.7
M0121,2024-06,7,0,64.1
M0121,2024-07,10,0,66.9
M0121,2024-08,5,0,77.3
M0121,2024-09,13,0,48.1
M0121,2024-10,8,0,80.5
M0121,2024-11,9,1,59.4
M0121,2024-12,10,0,74.9
M0122,2024-03,5,2,58.1
M0122,2024-04,6,0,49.8
M0122,2024-05,8,0,63.9
M0122,2024-06,9,0,64.4
M0122,2024-07,9,0,75.5
M0122,2024-08,7,0,66.2
M0122,2024-09,4,3,57.7
M0122,2024-10,4,0,58.5
M0122,2024-11,7,0,39.9
M0122,2024-12,8,0,69.8
M0123,2024-05,8,0,65.9
M0123,2024-06,8,2,56.0
M0123,2024-07,8,0,76.5
M0123,2024-08,12,0,74.7
M0123,2024-09,12,0,51.6
M0123,2024-10,10,0,51.4
M0123,2024-11,12,2,66.7
M0123,2024-12,11,0,38.0
M0124,2024-02,10,0,33.1
M0124,2024-03,6,2,56.5
M0124,2024-04,6,0,66.4
M0124,2024-05,12,0,60.4
M0124,2024-06,11,0,82.5
M0124,2024-07,10,0,62.2
M0124,2024-08,11,0,24.8
M0124,2024-09,8,1,58.4
M0124,2024-10,9,0,85.1
M0124,2024-11,11,0,70.6
M0124,2024-12,12,3,73.4
M0125,2024-02,6,0,62.2
M0125,2024-03,5,0,66.6
M0125,2024-04,10,0,42.4
M0125,2024-05,3,0,43.4
M0125,2024-06,9,0,79.4
M0125,2024-07,8,2,79.5
M0125,2024-08,8,0,37.9
M0125,2024-09,6,0,77.3
M0125,2024-10,5,0,49.1
M0125,2024-11,11,0,42.0
M0125,2024-12,7,0,54.2
M0126,2024-08,8,0,52.1
M0126,2024-09,10,0,69.8
M0126,2024-10,9,0,75.5
M0126,2024-11,3,0,56.3
M0126,2024-12,4,2,63.3
M0127,2024-09,13,2,61.9
M0127,2024-10,7,0,54.9
M0127,2024-11,2,0,59.9
M0127,2024-12,1,0,57.0
M0128,2024-05,10,0,79.6
M0128,2024-06,12,1,74.7
M0128,2024-07,8,0,68.1
M0128,2024-08,6,0,66.9
M0128,2024-09,11,0,75.7
M0128,2024-10,3,0,33.5
M0128,2024-11,2,0,46.9
M0129,2024-04,11,0,57.8
M0129,2024-05,6,0,56.8
M0129,2024-06,7,3,55.8
M0129,2024-07,3,1,69.3
M0129,2024-08,5,0,78.0
M0129,2024-09,10,0,94.5
M0129,2024-10,8,0,45.1
M0129,2024-11,13,0,57.2
M0129,2024-12,8,2,74.8
M0130,2024-08,7,0,42.3
M0130,2024-09,11,0,54.4
M0130,2024-10,9,3,47.4
M0130,2024-11,6,0,61.2
M0130,2024-12,12,1,73.2
M0131,2024-07,8,0,54.1
M0131,2024-08,11,0,49.4
M0131,2024-09,10,0,66.8
M0131,2024-10,13,0,48.9
M0131,2024-11,11,0,55.7
M0131,2024-12,11,1,70.2
M0132,2024-08,13,4,70.5
M0132,2024-09,8,1,40.6
M0132,2024-10,10,0,55.2
M0132,2024-11,7,0,52.8
M0132,2024-12,8,0,62.2
M0133,2024-02,10,0,51.8
M0133,2024-03,14,0,71.0
M0133,2024-04,8,0,46.0
M0133,2024-05,10,0,52.5
M0133,2024-06,9,0,49.7
M0133,2024-07,13,0,56.4
M0133,2024-08,9,0,96.7
M0133,2024-09,4,0,62.9
M0133,2024-10,12,1,15.8
M0133,2024-11,9,0,29.6
M0133,2024-12,8,0,31.5
M0134,2024-01,9,2,83.7
M0134,2024-02,13,0,47.4
M0134,2024-03,11,3,82.2
M0134,2024-04,5,0,41.5
M0134,2024-05,6,0,65.1
M0134,2024-06,12,0,88.0
M0134,2024-07,8,0,44.0
M0134,2024-08,10,0,64.8
M0134,2024-09,7,0,55.3
M0134,2024-10,9,0,60.5
M0134,2024-11,5,0,61.6
M0134,2024-12,10,1,40.3
M0135,2024-03,9,0,50.7
M0135,2024-04,8,0,85.1
M0135,2024-05,11,0,61.4
M0135,2024-06,1,0,66.3
M0135,2024-07,4,0,85.9
M0136,2024-09,18,0,59.7
M0136,2024-10,8,0,42.8
M0136,2024-11,7,0,60.2
M0136,2024-12,8,1,58.4
M0137,2024-07,16,2,77.7
M0137,2024-08,13,0,86.8
M0137,2024-09,6,1,65.2
M0137,2024-10,13,0,44.3
M0137,2024-11,3,0,46.5
M0137,2024-12,10,0,53.2
M0138,2024-03,10,0,64.8
M0138,2024-04,3,0,47.9
M0138,2024-05,3,1,54.9
M0139,2024-05,4,0,71.8
M0139,2024-06,6,0,80.3
M0139,2024-07,8,0,46.9
M0139,2024-08,6,0,66.4
M0139,2024-09,14,0,85.2
M0139,2024-10,5,0,45.0
M0139,2024-11,8,1,31.7
M0139,2024-12,8,0,66.8
M0140,2024-03,9,2,70.0
M0140,2024-04,9,0,58.6
M0140,2024-05,9,0,48.3
M0140,2024-06,14,0,71.8
M0140,2024-07,10,2,62.9
M0140,2024-08,12,0,62.0
M0140,2024-09,10,2,67.7
M0140,2024-10,7,0,47.7
M0140,2024-11,12,2,66.0
M0140,2024-12,8,0,49.8
M0141,2024-01,13,0,75.0
M0141,2024-02,11,0,53.8
M0141,2024-03,9,0,35.0
M0141,2024-04,9,0,62.3
M0141,2024-05,7,0,69.4
M0141,2024-06,10,1,40.5
M0141,2024-07,4,0,82.6
M0141,2024-08,16,0,57.7
M0141,2024-09,7,0,70.6
M0141,2024-10,8,0,72.6
M0141,2024-11,12,0,39.1
M0141,2024-12,10,1,74.0
M0142,2024-06,6,1,53.3
M0142,2024-07,11,0,69.9
M0142,2024-08,15,0,62.0
M0142,2024-09,13,0,62.8
M0142,2024-10,7,0,59.2
M0142,2024-11,4,0,70.8
M0142,2024-12,2,0,96.6
M0143,2024-01,15,0,29.8
M0143,2024-02,10,0,80.4
M0143,2024-03,15,0,86.8
M0143,2024-04,7,0,72.4
M0143,2024-05,10,0,66.0
M0143,2024-06,9,2,78.0
M0143,2024-07,7,0,69.8
M0143,2024-08,9,0,67.1
M0143,2024-09,1,0,57.9
M0143,2024-10,3,2,55.7
M0144,2024-02,8,0,56.5
M0144,2024-03,12,4,40.6
M0144,2024-04,10,0,58.8
M0144,2024-05,7,0,63.9
M0144,2024-06,10,0,47.5
M0144,2024-07,9,0,87.6
M0144,2024-08,7,0,46.2
M0144,2024-09,9,0,70.5
M0144,2024-10,9,2,94.0
M0144,2024-11,12,0,75.6
M0144,2024-12,8,0,66.4
M0145,2024-07,7,0,75.4
M0145,2024-08,6,0,72.7
M0145,2024-09,8,2,64.5
M0145,2024-10,16,0,57.5
M0145,2024-11,2,0,82.5
M0145,2024-12,0,0,0.0
M0146,2024-03,14,0,73.7
M0146,2024-04,8,0,51.7
M0146,2024-05,10,0,44.9
M0146,2024-06,10,0,67.7
M0146,2024-07,8,0,73.3
M0146,2024-08,4,1,47.4
M0146,2024-09,4,0,79.5
M0146,2024-10,2,0,62.9
M0147,2024-03,16,0,62.5
M0147,2024-04,8,0,85.1
M0147,2024-05,6,1,42.6
M0147,2024-06,13,0,63.6
M0147,2024-07,12,0,54.3
M0147,2024-08,6,0,56.5
M0147,2024-09,6,0,70.0
M0147,2024-10,9,1,75.4
M0147,2024-11,7,1,70.8
M0147,2024-12,8,2,59.2
M0148,2024-07,12,0,81.9
M0148,2024-08,10,0,50.9
M0148,2024-09,6,0,54.2
M0148,2024-10,17,0,68.2
M0148,2024-11,9,0,47.6
M0148,2024-12,8,0,65.9
M0149,2024-04,9,3,66.5
M0149,2024-05,10,1,60.7
M0149,2024-06,4,0,65.4
M0149,2024-07,11,0,63.1
M0149,2024-08,15,1,50.6
M0149,2024-09,10,0,64.5
M0149,2024-10,13,0,62.9
M0149,2024-11,11,3,59.5
M0149,2024-12,7,0,41.6
M0150,2024-06,9,1,68.0
M0150,2024-07,7,1,52.3
M0150,2024-08,16,0,45.9
M0150,2024-09,4,0,68.7
M0150,2024-10,4,1,53.7
M0151,2024-02,10,2,49.5
M0151,2024-03,7,0,67.2
M0151,2024-04,10,0,76.6
M0151,2024-05,7,3,57.2
M0151,2024-06,6,0,64.2
M0151,2024-07,8,3,60.7
M0151,2024-08,11,0,67.4
M0151,2024-09,6,0,53.9
M0151,2024-10,3,0,81.4
M0151,2024-11,12,1,33.3
M0151,2024-12,10,0,64.3
M0152,2024-01,14,0,60.9
M0152,2024-02,8,0,35.4
M0152,2024-03,8,2,43.7
M0152,2024-04,11,0,66.8
M0152,2024-05,1,0,63.2
M0152,2024-06,3,0,66.5
M0153,2024-03,5,0,60.2
M0153,2024-04,9,1,53.8
M0153,2024-05,7,0,74.3
M0153,2024-06,7,0,61.7
M0153,2024-07,2,0,37.9
M0153,2024-08,2,3,75.3
M0154,2024-05,5,1,68.3
M0154,2024-06,14,0,60.0
M0154,2024-07,10,0,57.2
M0154,2024-08,8,0,59.1
M0154,2024-09,10,0,86.3
M0154,2024-10,3,0,62.7
M0154,2024-11,2,0,43.1
M0155,2024-08,3,0,36.0
M0155,2024-09,8,0,75.9
M0155,2024-10,8,0,87.1
M0155,2024-11,9,0,44.2
M0155,2024-12,9,2,55.8
M0156,2024-02,7,0,59.5
M0156,2024-03,6,2,56.2
M0156,2024-04,6,0,50.8
M0156,2024-05,12,2,57.4
M0156,2024-06,10,3,57.9
M0156,2024-07,1,0,78.2
M0156,2024-08,2,0,86.6
M0157,2024-01,13,2,82.6
M0157,2024-02,10,0,61.8
M0157,2024-03,9,0,57.8
M0157,2024-04,9,0,64.4
M0157,2024-05,8,0,58.1
M0157,2024-06,3,0,62.5
M0157,2024-07,3,0,38.3
M0157,2024-08,9,0,72.5
M0157,2024-09,7,0,46.1
M0157,2024-10,10,0,61.0
M0157,2024-11,7,0,69.2
M0157,2024-12,6,0,60.8
M0158,2024-08,10,1,46.0
M0158,2024-09,6,0,38.9
M0158,2024-10,10,0,42.2
M0158,2024-11,9,0,33.0
M0158,2024-12,14,1,44.6
M0159,2024-07,8,0,50.3
M0159,2024-08,6,0,64.9
M0159,2024-09,11,3,66.7
M0159,2024-10,12,0,62.9
M0159,2024-11,2,0,51.2
M0159,2024-12,2,0,47.3
M0160,2024-04,12,0,61.4
M0160,2024-05,6,0,51.6
M0160,2024-06,10,0,71.2
M0160,2024-07,10,0,58.1
M0160,2024-08,9,0,47.1
M0160,2024-09,9,3,78.0
M0160,2024-10,6,0,73.5
M0160,2024-11,7,2,74.2
M0160,2024-12,7,0,56.0
M0161,2024-07,11,0,78.6
M0161,2024-08,7,0,71.8
M0161,2024-09,9,0,59.5
M0161,2024-10,1,0,64.5
M0161,2024-11,3,0,83.1
M0162,2024-05,8,0,60.8
M0162,2024-06,7,0,60.2
M0162,2024-07,9,0,61.8
M0162,2024-08,15,1,65.0
M0162,2024-09,6,2,71.2
M0162,2024-10,13,0,71.1
M0162,2024-11,5,1,73.4
M0162,2024-12,8,0,40.9
M0163,2024-01,9,0,45.9
M0163,2024-02,10,2,35.8
M0163,2024-03,8,0,45.9
M0163,2024-04,6,0,73.0
M0163,2024-05,8,0,63.4
M0163,2024-06,8,0,55.5
M0163,2024-07,7,0,45.2
M0163,2024-08,10,1,68.9
M0163,2024-09,10,0,48.2
M0163,2024-10,8,0,53.2
M0163,2024-11,7,0,52.6
M0163,2024-12,7,0,58.5
M0164,2024-01,11,1,67.7
M0164,2024-02,10,3,42.0
M0164,2024-03,11,0,70.4
M0164,2024-04,6,0,64.3
M0164,2024-05,2,0,50.7
M0164,2024-06,7,1,84.9
M0164,2024-07,8,0,59.1
M0164,2024-08,9,1,58.5
M0164,2024-09,6,0,63.2
M0164,2024-10,7,0,62.5
M0164,2024-11,11,0,62.9
M0164,2024-12,3,2,67.4
M0165,2024-07,8,0,61.8
M0165,2024-08,11,0,69.1
M0165,2024-09,13,0,58.3
M0165,2024-10,11,0,49.5
M0165,2024-11,8,0,60.8
M0165,2024-12,10,0,84.7
M0166,2024-04,7,0,62.2
M0166,2024-05,8,1,65.5
M0166,2024-06,7,3,41.8
M0166,2024-07,3,0,55.2
M0166,2024-08,2,0,50.6
M0167,2024-05,7,0,63.5
M0167,2024-06,8,0,56.9
M0167,2024-07,12,1,49.5
M0167,2024-08,10,0,78.5
M0167,2024-09,12,0,47.2
M0167,2024-10,12,1,64.3
M0167,2024-11,9,0,65.8
M0167,2024-12,7,1,64.0
M0168,2024-02,2,1,79.5
M0168,2024-03,12,0,54.4
M0168,2024-04,6,1,75.2
M0168,2024-05,6,0,73.7
M0168,2024-06,2,1,49.8
M0168,2024-07,3,0,66.8
M0169,2024-10,4,0,76.1
M0169,2024-11,12,0,53.3
M0169,2024-12,4,0,74.5
M0170,2024-01,9,0,67.4
M0170,2024-02,10,0,53.5
M0170,2024-03,16,1,65.2
M0170,2024-04,6,0,50.0
M0170,2024-05,6,0,51.2
M0170,2024-06,6,2,67.4
M0170,2024-07,9,0,54.6
M0170,2024-08,9,0,54.3
M0170,2024-09,5,0,88.0
M0170,2024-10,5,0,84.7
M0170,2024-11,10,0,50.2
M0170,2024-12,11,0,47.0
M0171,2024-01,13,0,46.2
M0171,2024-02,6,0,59.2
M0171,2024-03,8,0,55.4
M0171,2024-04,11,0,56.2
M0171,2024-05,10,1,61.3
M0171,2024-06,6,0,79.6
M0171,2024-07,11,2,66.5
M0171,2024-08,11,2,57.1
M0171,2024-09,12,0,53.0
M0171,2024-10,9,0,54.8
M0171,2024-11,7,0,62.5
M0171,2024-12,15,0,73.9
M0172,2024-03,11,0,67.6
M0172,2024-04,14,2,92.0
M0172,2024-05,10,0,77.3
M0172,2024-06,13,0,78.6
M0172,2024-07,11,1,49.8
M0172,2024-08,12,0,62.9
M0172,2024-09,6,0,35.9
M0172,2024-10,11,0,103.5
M0172,2024-11,8,1,52.5
M0172,2024-12,5,3,82.8
M0173,2024-08,8,1,62.2
M0173,2024-09,13,0,52.5
M0173,2024-10,11,0,60.4
M0173,2024-11,7,3,50.8
M0173,2024-12,5,0,75.9
M0174,2024-01,12,0,58.1
M0174,2024-02,17,0,77.8
M0174,2024-03,11,0,23.1
M0174,2024-04,8,0,98.0
M0174,2024-05,13,0,59.6
M0174,2024-06,13,1,61.6
M0174,2024-07,10,0,67.3
M0174,2024-08,8,0,49.0
M0174,2024-09,18,1,48.3
M0174,2024-10,5,1,56.9
M0174,2024-11,6,0,46.2
M0174,2024-12,9,0,68.5
M0175,2024-01,12,0,65.3
M0175,2024-02,5,3,54.7
M0175,2024-03,12,0,91.9
M0175,2024-04,9,0,76.1
M0175,2024-05,8,0,59.1
M0175,2024-06,3,1,66.9
M0175,2024-07,11,0,80.8
M0175,2024-08,8,0,69.3
M0175,2024-09,5,1,51.8
M0175,2024-10,4,0,58.6
M0175,2024-11,7,0,69.4
M0175,2024-12,9,0,39.0
M0176,2024-01,11,1,52.1
M0176,2024-02,8,1,44.6
M0176,2024-03,11,0,54.7
M0176,2024-04,16,0,57.1
M0176,2024-05,3,0,66.1
M0176,2024-06,3,0,70.6
M0177,2024-02,12,0,109.0
M0177,2024-03,8,0,65.4
M0177,2024-04,12,1,59.4
M0177,2024-05,3,0,82.3
M0177,2024-06,1,0,54.6
M0178,2024-05,8,0,69.8
M0178,2024-06,6,0,54.6
M0178,2024-07,10,0,66.2
M0178,2024-08,17,0,54.2
M0178,2024-09,7,0,42.1
M0178,2024-10,8,0,73.9
M0178,2024-11,3,0,61.3
M0178,2024-12,2,0,57.0
M0179,2024-09,9,0,65.6
M0179,2024-10,9,0,60.9
M0179,2024-11,7,0,47.8
M0179,2024-12,7,0,38.6
M0180,2024-07,7,0,39.8
M0180,2024-08,7,0,73.9
M0180,2024-09,6,0,74.9
M0180,2024-10,6,0,61.9
M0180,2024-11,12,0,47.4
M0180,2024-12,8,0,82.9
M0181,2024-08,8,0,69.8
M0181,2024-09,7,0,62.9
M0181,2024-10,7,0,54.4
M0181,2024-11,12,1,59.3
M0181,2024-12,6,0,72.9
M0182,2024-07,9,0,79.5
M0182,2024-08,6,0,67.7
M0182,2024-09,9,2,60.8
M0182,2024-10,10,0,23.9
M0182,2024-11,2,0,91.0
M0182,2024-12,2,0,65.1
M0183,2024-01,6,0,41.3
M0183,2024-02,10,0,62.7
M0183,2024-03,9,1,65.8
M0183,2024-04,8,1,59.4
M0183,2024-05,8,0,52.5
M0183,2024-06,11,1,57.9
M0183,2024-07,3,3,53.0
M0183,2024-08,3,0,45.3
M0184,2024-05,8,0,46.4
M0184,2024-06,14,0,52.4
M0184,2024-07,10,0,72.7
M0184,2024-08,4,0,59.8
M0184,2024-09,3,0,79.2
M0184,2024-10,2,0,59.2
M0185,2024-02,10,4,41.4
M0185,2024-03,7,0,32.5
M0185,2024-04,12,0,57.0
M0185,2024-05,12,1,53.4
M0185,2024-06,12,0,57.3
M0185,2024-07,13,0,78.0
M0185,2024-08,14,0,56.8
M0185,2024-09,14,0,68.3
M0185,2024-10,15,1,67.0
M0185,2024-11,7,1,76.9
M0185,2024-12,14,0,58.7
M0186,2024-07,7,2,51.7
M0186,2024-08,5,0,63.7
M0186,2024-09,15,1,75.9
M0186,2024-10,2,0,58.1
M0186,2024-11,3,0,64.3
M0187,2024-03,10,0,81.3
M0187,2024-04,14,0,56.6
M0187,2024-05,3,0,52.2
M0187,2024-06,5,2,95.8
M0187,2024-07,7,1,56.2
M0187,2024-08,10,0,55.9
M0187,2024-09,11,0,99.7
M0187,2024-10,10,0,88.8
M0187,2024-11,4,0,44.2
M0187,2024-12,8,1,55.8
M0188,2024-06,10,2,52.1
M0188,2024-07,12,0,54.3
M0188,2024-08,14,2,52.4
M0188,2024-09,10,0,51.0
M0188,2024-10,7,0,74.9
M0188,2024-11,6,2,81.9
M0188,2024-12,7,0,51.6
M0189,2024-02,7,0,47.8
M0189,2024-03,9,0,46.8
M0189,2024-04,15,0,89.8
M0189,2024-05,8,0,68.5
M0189,2024-06,9,1,69.6
M0189,2024-07,6,0,56.0
M0189,2024-08,9,0,94.2
M0189,2024-09,9,0,34.1
M0189,2024-10,4,0,60.0
M0189,2024-11,3,0,26.6
M0190,2024-09,10,0,61.9
M0190,2024-10,16,0,40.2
M0190,2024-11,12,2,82.2
M0190,2024-12,7,0,76.7
M0191,2024-10,6,0,47.7
M0191,2024-11,10,0,79.4
M0191,2024-12,9,2,54.9
M0192,2024-01,8,0,56.3
M0192,2024-02,9,0,80.6
M0192,2024-03,7,0,75.3
M0192,2024-04,8,0,47.6
M0192,2024-05,3,0,98.1
M0192,2024-06,10,1,89.2
M0192,2024-07,5,0,51.7
M0192,2024-08,5,2,65.1
M0192,2024-09,9,0,62.7
M0192,2024-10,13,1,85.3
M0192,2024-11,14,4,49.1
M0192,2024-12,11,0,90.1
M0193,2024-07,8,2,60.1
M0193,2024-08,10,0,51.1
M0193,2024-09,2,2,55.3
M0193,2024-10,2,0,83.0
M0194,2024-04,8,0,52.2
M0194,2024-05,7,0,105.3
M0194,2024-06,9,0,34.7
M0194,2024-07,7,1,72.5
M0194,2024-08,12,0,59.3
M0194,2024-09,14,1,87.5
M0194,2024-10,9,0,94.6
M0194,2024-11,8,1,66.2
M0194,2024-12,7,1,87.7
M0195,2024-03,9,0,59.8
M0195,2024-04,9,0,59.3
M0195,2024-05,14,0,70.8
M0195,2024-06,12,1,95.8
M0195,2024-07,10,0,49.1
M0195,2024-08,7,0,77.3
M0195,2024-09,13,0,61.4
M0195,2024-10,16,0,45.9
M0195,2024-11,6,0,42.9
M0195,2024-12,4,0,70.0
M0196,2024-07,14,0,41.8
M0196,2024-08,12,0,65.3
M0196,2024-09,8,1,57.8
M0196,2024-10,10,0,52.1
M0196,2024-11,8,4,30.9
M0196,2024-12,7,0,40.9
M0197,2024-09,11,2,68.8
M0197,2024-10,7,0,88.0
M0197,2024-11,11,0,67.0
M0197,2024-12,8,0,76.9
M0198,2024-06,9,1,58.3
M0198,2024-07,7,0,75.9
M0198,2024-08,6,0,70.1
M0198,2024-09,10,2,69.2
M0198,2024-10,8,0,59.4
M0198,2024-11,17,0,72.1
M0198,2024-12,9,0,62.5
M0199,2024-01,8,0,46.1
M0199,2024-02,5,0,63.0
M0199,2024-03,8,1,51.4
M0199,2024-04,11,0,70.6
M0199,2024-05,2,0,62.1
M0199,2024-06,4,1,64.0
M0200,2024-04,14,0,80.5
M0200,2024-05,8,0,47.8
M0200,2024-06,11,0,60.8
M0200,2024-07,9,1,57.9
M0200,2024-08,14,0,40.5
M0200,2024-09,15,1,85.6
M0200,2024-10,11,0,59.3
M0200,2024-11,11,0,64.7
M0200,2024-12,2,0,44.5
M0201,2024-01,8,0,65.4
M0201,2024-02,13,1,75.0
M0201,2024-03,12,0,66.9
M0201,2024-04,5,0,83.0
M0201,2024-05,11,0,39.6
M0201,2024-06,9,0,58.2
M0201,2024-07,6,0,55.7
M0201,2024-08,6,0,63.8
M0201,2024-09,9,1,70.5
M0201,2024-10,12,0,49.9
M0201,2024-11,12,0,85.2
M0201,2024-12,7,1,66.0
M0202,2024-03,7,2,77.4
M0202,2024-04,9,3,59.3
M0202,2024-05,7,0,61.8
M0202,2024-06,9,2,61.2
M0202,2024-07,8,1,55.7
M0202,2024-08,12,0,100.8
M0202,2024-09,12,0,63.0
M0202,2024-10,11,0,81.9
M0202,2024-11,5,1,58.0
M0202,2024-12,13,4,75.6
M0203,2024-01,11,1,47.1
M0203,2024-02,10,2,37.9
M0203,2024-03,9,0,70.5
M0203,2024-04,10,2,44.5
M0203,2024-05,7,1,65.2
M0203,2024-06,8,0,65.6
M0203,2024-07,11,2,78.3
M0203,2024-08,10,1,68.8
M0203,2024-09,7,0,86.1
M0203,2024-10,8,0,86.5
M0203,2024-11,14,0,56.8
M0203,2024-12,7,2,70.9
M0204,2024-03,9,0,61.7
M0204,2024-04,9,0,71.7
M0204,2024-05,2,0,44.8
M0204,2024-06,4,0,42.4
M0205,2024-09,8,2,62.5
M0205,2024-10,11,3,85.9
M0205,2024-11,12,0,50.5
M0205,2024-12,8,0,54.3
M0206,2024-06,9,0,52.1
M0206,2024-07,17,0,78.6
M0206,2024-08,6,0,58.9
M0206,2024-09,11,0,69.2
M0206,2024-10,12,0,78.7
M0206,2024-11,3,0,63.7
M0206,2024-12,3,1,56.7
M0207,2024-04,13,4,75.0
M0207,2024-05,4,1,79.4
M0207,2024-06,5,2,57.4
M0207,2024-07,6,2,32.1
M0207,2024-08,10,0,95.6
M0207,2024-09,10,1,70.5
M0207,2024-10,10,0,54.6
M0207,2024-11,10,0,60.7
M0207,2024-12,7,0,54.0
M0208,2024-07,4,0,46.3
M0208,2024-08,6,0,69.0
M0208,2024-09,8,2,72.2
M0208,2024-10,14,0,52.7
M0208,2024-11,7,0,86.1
M0208,2024-12,9,0,70.5
M0209,2024-08,11,0,51.8
M0209,2024-09,10,3,49.2
M0209,2024-10,8,0,58.9
M0209,2024-11,7,0,43.0
M0209,2024-12,5,0,83.0
M0210,2024-07,12,0,73.9
M0210,2024-08,10,0,93.9
M0210,2024-09,12,1,40.0
M0210,2024-10,11,0,79.6
M0210,2024-11,8,0,50.6
M0210,2024-12,8,1,79.1
M0211,2024-08,13,0,38.8
M0211,2024-09,8,0,37.2
M0211,2024-10,7,0,70.4
M0211,2024-11,8,0,52.7
M0211,2024-12,8,0,58.0
M0212,2024-01,12,0,50.9
M0212,2024-02,6,0,73.6
M0212,2024-03,12,1,69.5
M0212,2024-04,2,0,66.8
M0212,2024-05,3,0,66.1
M0213,2024-06,9,0,13.0
M0213,2024-07,13,0,79.5
M0213,2024-08,14,0,43.3
M0213,2024-09,11,0,72.1
M0213,2024-10,12,1,60.0
M0213,2024-11,1,0,50.5
M0213,2024-12,4,0,73.9
M0214,2024-02,12,0,83.9
M0214,2024-03,11,0,75.9
M0214,2024-04,10,0,60.8
M0214,2024-05,6,0,89.4
M0214,2024-06,12,0,36.4
M0214,2024-07,4,2,73.7
M0214,2024-08,10,0,72.5
M0214,2024-09,11,0,40.7
M0214,2024-10,12,0,59.6
M0214,2024-11,10,0,57.1
M0214,2024-12,8,0,63.4
M0215,2024-02,14,0,55.6
M0215,2024-03,8,1,63.8
M0215,2024-04,7,0,64.2
M0215,2024-05,7,0,76.4
M0215,2024-06,8,1,30.6
M0215,2024-07,12,0,91.5
M0215,2024-08,8,0,49.1
M0215,2024-09,13,0,68.8
M0215,2024-10,11,0,63.9
M0215,2024-11,3,0,79.2
M0215,2024-12,3,1,50.1
M0216,2024-01,9,0,59.9
M0216,2024-02,8,0,62.3
M0216,2024-03,10,0,65.1
M0216,2024-04,7,0,59.5
M0216,2024-05,11,0,45.7
M0216,2024-06,13,0,67.9
M0216,2024-07,7,2,65.5
M0216,2024-08,4,0,47.7
M0216,2024-09,11,0,70.4
M0216,2024-10,7,0,68.4
M0216,2024-11,8,2,74.5
M0216,2024-12,9,0,70.3
M0217,2024-01,5,0,67.3
M0217,2024-02,8,1,45.8
M0217,2024-03,7,0,53.1
M0217,2024-04,10,0,48.5
M0217,2024-05,12,0,29.2
M0217,2024-06,9,0,70.2
M0217,2024-07,4,0,43.0
M0217,2024-08,8,0,64.3
M0217,2024-09,9,0,59.9
M0217,2024-10,8,1,54.3
M0217,2024-11,7,0,79.4
M0217,2024-12,12,0,44.2
M0218,2024-02,5,0,83.5
M0218,2024-03,3,1,72.0
M0218,2024-04,3,0,58.9
M0219,2024-10,10,0,61.6
M0219,2024-11,1,1,70.7
M0219,2024-12,3,0,70.5
M0220,2024-04,7,2,54.7
M0220,2024-05,10,0,80.6
M0220,2024-06,9,0,64.0
M0220,2024-07,16,1,75.3
M0220,2024-08,7,0,56.3
M0220,2024-09,16,0,47.3
M0220,2024-10,12,1,52.6
M0220,2024-11,4,0,62.3
M0220,2024-12,8,0,56.7
M0221,2024-03,1,1,66.1
M0221,2024-04,10,0,68.6
M0221,2024-05,15,0,62.5
M0221,2024-06,16,0,54.8
M0221,2024-07,10,0,59.2
M0221,2024-08,6,0,66.9
M0221,2024-09,8,0,55.3
M0221,2024-10,12,0,69.3
M0221,2024-11,2,0,54.0
M0221,2024-12,3,1,47.3
M0222,2024-03,4,0,56.4
M0222,2024-04,2,0,70.8
M0222,2024-05,3,4,94.4
M0223,2024-09,7,0,77.8
M0223,2024-10,7,0,79.0
M0223,2024-11,9,0,59.7
M0223,2024-12,7,0,38.9
M0224,2024-01,7,0,60.2
M0224,2024-02,3,0,60.6
M0224,2024-03,2,0,63.7
M0225,2024-09,12,0,54.3
M0225,2024-10,17,0,55.8
M0225,2024-11,6,0,57.3
M0225,2024-12,8,0,36.7
M0226,2024-02,13,0,67.5
M0226,2024-03,8,0,64.2
M0226,2024-04,7,1,30.8
M0226,2024-05,8,0,78.9
M0226,2024-06,10,2,63.2
M0226,2024-07,16,1,49.7
M0226,2024-08,7,2,76.7
M0226,2024-09,5,0,53.8
M0226,2024-10,4,1,72.1
M0226,2024-11,9,0,67.0
M0226,2024-12,12,0,65.3
M0227,2024-02,13,0,78.9
M0227,2024-03,7,0,55.5
M0227,2024-04,12,1,59.6
M0227,2024-05,11,0,72.9
M0227,2024-06,1,1,66.9
M0227,2024-07,3,2,59.5
M0228,2024-01,7,0,51.4
M0228,2024-02,12,0,64.8
M0228,2024-03,13,0,50.0
M0228,2024-04,5,2,62.4
M0228,2024-05,6,0,52.7
M0228,2024-06,3,3,66.9
M0228,2024-07,7,0,89.0
M0228,2024-08,8,0,68.7
M0228,2024-09,8,0,52.9
M0228,2024-10,4,0,57.2
M0228,2024-11,6,2,66.3
M0228,2024-12,8,0,49.3
M0229,2024-06,10,1,55.9
M0229,2024-07,3,0,61.4
M0229,2024-08,12,0,73.2
M0229,2024-09,9,3,57.6
M0229,2024-10,6,2,58.3
M0229,2024-11,7,0,49.4
M0229,2024-12,7,0,87.0
M0230,2024-01,15,0,46.1
M0230,2024-02,15,0,48.7
M0230,2024-03,8,1,39.1
M0230,2024-04,15,0,86.2
M0230,2024-05,7,0,62.7
M0230,2024-06,7,0,61.1
M0230,2024-07,7,0,73.8
M0230,2024-08,10,1,70.8
M0230,2024-09,9,0,48.4
M0230,2024-10,6,0,54.7
M0230,2024-11,10,0,54.6
M0230,2024-12,13,0,64.3
M0231,2024-07,9,1,41.2
M0231,2024-08,12,0,34.2
M0231,2024-09,13,0,73.5
M0231,2024-10,6,1,60.4
M0231,2024-11,2,1,64.6
M0231,2024-12,2,0,41.7
M0232,2024-02,11,4,70.1
M0232,2024-03,7,0,51.9
M0232,2024-04,10,0,49.9
M0232,2024-05,6,0,71.3
M0232,2024-06,6,0,62.7
M0232,2024-07,11,0,84.1
M0232,2024-08,8,0,65.1
M0232,2024-09,12,2,80.0
M0232,2024-10,6,0,49.8
M0232,2024-11,7,0,77.2
M0232,2024-12,6,0,49.7
M0233,2024-02,6,0,46.7
M0233,2024-03,9,0,57.0
M0233,2024-04,19,0,79.6
M0233,2024-05,5,1,42.3
M0233,2024-06,10,0,68.8
M0233,2024-07,7,0,43.5
M0233,2024-08,10,0,49.1
M0233,2024-09,5,0,50.0
M0233,2024-10,11,0,55.4
M0233,2024-11,6,0,60.5
M0233,2024-12,8,0,60.1
M0234,2024-01,6,0,47.6
M0234,2024-02,5,0,64.4
M0234,2024-03,16,0,68.5
M0234,2024-04,6,2,44.7
M0234,2024-05,10,3,62.6
M0234,2024-06,6,0,61.2
M0234,2024-07,8,0,91.6
M0234,2024-08,3,0,74.7
M0234,2024-09,13,0,68.8
M0234,2024-10,12,0,60.7
M0234,2024-11,11,1,61.7
M0234,2024-12,7,0,79.6
M0235,2024-08,11,1,50.2
M0235,2024-09,9,0,65.7
M0235,2024-10,6,0,70.1
M0235,2024-11,1,2,71.0
M0235,2024-12,3,0,62.8
M0236,2024-10,12,0,91.1
M0236,2024-11,14,0,64.9
M0236,2024-12,4,0,47.6
M0237,2024-02,10,0,33.6
M0237,2024-03,13,0,60.8
M0237,2024-04,10,0,72.7
M0237,2024-05,9,1,71.6
M0237,2024-06,3,0,83.2
M0237,2024-07,10,0,50.6
M0237,2024-08,8,0,63.3
M0237,2024-09,10,2,78.8
M0237,2024-10,9,0,42.3
M0237,2024-11,10,2,69.9
M0237,2024-12,8,0,54.5
M0238,2024-01,5,0,65.4
M0238,2024-02,9,0,49.0
M0238,2024-03,10,0,47.0
M0238,2024-04,8,0,87.0
M0238,2024-05,13,0,70.6
M0238,2024-06,19,2,60.7
M0238,2024-07,11,0,56.9
M0238,2024-08,13,3,70.0
M0238,2024-09,9,5,53.0
M0238,2024-10,11,1,51.0
M0238,2024-11,15,0,48.8
M0238,2024-12,12,0,79.9
M0239,2024-03,7,1,69.9
M0239,2024-04,15,0,43.9
M0239,2024-05,11,1,55.0
M0239,2024-06,12,0,73.7
M0239,2024-07,6,0,53.0
M0239,2024-08,8,0,68.2
M0239,2024-09,5,1,53.2
M0239,2024-10,7,0,82.6
M0239,2024-11,5,0,77.9
M0239,2024-12,12,0,61.1
M0240,2024-02,16,1,55.3
M0240,2024-03,11,1,90.1
M0240,2024-04,9,1,51.9
M0240,2024-05,8,0,70.7
M0240,2024-06,6,0,53.5
M0240,2024-07,11,0,48.7
M0240,2024-08,10,0,82.7
M0240,2024-09,5,0,68.2
M0240,2024-10,5,0,46.9
M0240,2024-11,15,0,45.6
M0240,2024-12,9,0,32.5
M0241,2024-07,10,0,84.2
M0241,2024-08,12,0,72.0
M0241,2024-09,6,0,59.7
M0241,2024-10,1,0,72.6
M0241,2024-11,3,0,66.4
M0242,2024-02,4,0,87.5
M0242,2024-03,10,0,74.0
M0242,2024-04,11,1,81.2
M0242,2024-05,11,0,76.3
M0242,2024-06,7,2,67.0
M0242,2024-07,16,0,65.6
M0242,2024-08,5,2,73.2
M0242,2024-09,9,2,60.7
M0242,2024-10,7,0,50.6
M0242,2024-11,8,0,70.7
M0242,2024-12,11,0,41.5
M0243,2024-10,20,0,79.2
M0243,2024-11,3,1,68.4
M0243,2024-12,2,0,66.5
M0244,2024-10,8,2,63.5
M0244,2024-11,16,0,43.9
M0244,2024-12,8,2,63.3
M0245,2024-03,9,0,66.4
M0245,2024-04,13,0,64.8
M0245,2024-05,9,0,56.8
M0245,2024-06,9,0,59.6
M0245,2024-07,14,2,86.1
M0245,2024-08,8,0,61.1
M0245,2024-09,11,0,58.0
M0245,2024-10,7,2,44.8
M0245,2024-11,4,0,46.8
M0245,2024-12,2,0,37.7
M0246,2024-08,9,0,50.8
M0246,2024-09,3,1,79.3
M0246,2024-10,8,0,77.1
M0246,2024-11,6,0,59.9
M0246,2024-12,12,1,31.4
M0247,2024-02,14,0,52.4
M0247,2024-03,6,0,60.9
M0247,2024-04,10,0,67.7
M0247,2024-05,9,0,48.6
M0247,2024-06,11,0,77.6
M0247,2024-07,7,1,56.0
M0247,2024-08,6,0,40.7
M0247,2024-09,8,0,64.0
M0247,2024-10,9,0,41.6
M0247,2024-11,16,0,88.9
M0247,2024-12,12,3,49.7
M0248,2024-06,7,0,26.7
M0248,2024-07,3,4,60.4
M0248,2024-08,12,1,58.6
M0248,2024-09,5,1,62.0
M0248,2024-10,7,0,41.0
M0248,2024-11,7,0,56.7
M0248,2024-12,12,0,47.7
M0249,2024-03,4,1,64.6
M0249,2024-04,12,0,60.7
M0249,2024-05,12,0,83.4
M0249,2024-06,10,0,55.0
M0249,2024-07,10,0,49.8
M0249,2024-08,5,0,71.4
M0249,2024-09,5,0,62.0
M0249,2024-10,12,0,63.4
M0249,2024-11,11,0,57.9
M0249,2024-12,11,0,86.0
M0250,2024-01,9,0,48.0
M0250,2024-02,8,0,75.7
M0250,2024-03,6,0,84.2
M0250,2024-04,16,0,72.4
M0250,2024-05,5,0,78.7
M0250,2024-06,3,0,60.6
M0250,2024-07,11,0,71.0
M0250,2024-08,7,0,54.5
M0250,2024-09,3,1,75.3
M0250,2024-10,7,0,45.8
M0250,2024-11,10,0,74.6
M0250,2024-12,9,0,34.6
M0251,2024-05,5,0,51.3
M0251,2024-06,9,0,50.0
M0251,2024-07,6,0,90.4
M0251,2024-08,8,0,69.0
M0251,2024-09,7,1,77.2
M0251,2024-10,8,2,38.2
M0251,2024-11,4,0,74.2
M0251,2024-12,11,0,45.4
M0252,2024-03,8,0,59.8
M0252,2024-04,9,0,58.0
M0252,2024-05,15,0,38.3
M0252,2024-06,8,0,63.5
M0252,2024-07,4,2,62.2
M0252,2024-08,7,0,58.7
M0252,2024-09,9,0,62.5
M0252,2024-10,3,0,77.4
M0252,2024-11,9,0,64.1
M0252,2024-12,9,4,59.0
M0253,2024-06,13,0,70.1
M0253,2024-07,11,0,72.6
M0253,2024-08,12,0,66.8
M0253,2024-09,10,2,69.0
M0253,2024-10,6,0,66.1
M0253,2024-11,7,0,80.4
M0253,2024-12,8,0,48.0
M0254,2024-02,9,3,87.0
M0254,2024-03,12,0,68.2
M0254,2024-04,7,0,68.7
M0254,2024-05,7,2,47.1
M0254,2024-06,6,0,60.6
M0254,2024-07,8,0,55.9
M0254,2024-08,7,0,52.5
M0254,2024-09,7,0,62.2
M0254,2024-10,6,0,63.5
M0254,2024-11,7,1,51.6
M0254,2024-12,10,0,76.5
M0255,2024-05,13,1,76.1
M0255,2024-06,6,0,55.7
M0255,2024-07,7,0,65.1
M0255,2024-08,11,0,61.2
M0255,2024-09,7,3,63.7
M0255,2024-10,6,0,48.0
M0255,2024-11,11,0,49.0
M0255,2024-12,7,0,100.2
M0256,2024-06,9,0,71.5
M0256,2024-07,1,0,66.7
M0256,2024-08,11,0,59.7
M0256,2024-09,10,0,67.4
M0256,2024-10,3,0,56.0
M0256,2024-11,1,0,78.5
M0257,2024-03,12,0,62.6
M0257,2024-04,7,0,61.6
M0257,2024-05,9,1,76.0
M0257,2024-06,12,0,69.3
M0257,2024-07,11,0,53.8
M0257,2024-08,9,5,83.1
M0257,2024-09,12,0,66.3
M0257,2024-10,5,2,54.0
M0257,2024-11,6,0,65.9
M0257,2024-12,10,0,59.1
M0258,2024-10,13,0,51.2
M0258,2024-11,1,2,34.2
M0258,2024-12,3,0,59.1
M0259,2024-03,10,0,73.0
M0259,2024-04,5,0,50.6
M0259,2024-05,6,0,66.9
M0259,2024-06,12,0,80.6
M0259,2024-07,7,0,67.2
M0259,2024-08,5,1,74.7
M0259,2024-09,10,1,52.0
M0259,2024-10,6,0,42.5
M0259,2024-11,5,0,81.9
M0259,2024-12,11,0,64.1
M0260,2024-06,5,0,67.5
M0260,2024-07,11,0,71.4
M0260,2024-08,11,0,67.5
M0260,2024-09,5,0,51.4
M0260,2024-10,7,0,61.9
M0260,2024-11,5,0,70.7
M0260,2024-12,3,1,91.5
M0261,2024-01,5,0,55.1
M0261,2024-02,9,0,36.8
M0261,2024-03,2,0,52.8
M0261,2024-04,3,0,49.8
M0262,2024-02,13,0,70.9
M0262,2024-03,7,0,45.0
M0262,2024-04,9,0,48.5
M0262,2024-05,6,2,81.0
M0262,2024-06,12,0,82.0
M0262,2024-07,2,0,49.8
M0262,2024-08,3,0,60.5
M0263,2024-03,11,0,77.2
M0263,2024-04,5,0,67.5
M0263,2024-05,8,1,84.2
M0263,2024-06,8,0,67.0
M0263,2024-07,7,0,74.0
M0263,2024-08,10,0,72.7
M0263,2024-09,5,0,42.5
M0263,2024-10,10,0,49.3
M0263,2024-11,8,0,40.6
M0263,2024-12,13,0,74.6
M0264,2024-02,12,0,61.5
M0264,2024-03,2,0,51.4
M0264,2024-04,4,0,44.3
M0265,2024-01,10,3,70.5
M0265,2024-02,10,0,84.8
M0265,2024-03,6,0,40.2
M0265,2024-04,8,1,77.0
M0265,2024-05,8,1,72.9
M0265,2024-06,10,0,56.4
M0265,2024-07,7,0,63.3
M0265,2024-08,11,2,68.1
M0265,2024-09,5,3,73.5
M0265,2024-10,11,0,74.3
M0265,2024-11,8,0,63.9
M0265,2024-12,12,1,68.1
M0266,2024-02,7,1,44.7
M0266,2024-03,5,0,55.2
M0266,2024-04,7,0,46.1
M0266,2024-05,9,0,55.2
M0266,2024-06,8,2,75.3
M0266,2024-07,8,0,71.0
M0266,2024-08,9,1,70.9
M0266,2024-09,9,0,65.1
M0266,2024-10,10,0,33.8
M0266,2024-11,10,0,82.5
M0266,2024-12,16,0,44.1
M0267,2024-08,10,0,49.7
M0267,2024-09,14,1,67.3
M0267,2024-10,9,1,57.5
M0267,2024-11,15,0,46.0
M0267,2024-12,8,0,61.2
M0268,2024-01,10,2,69.9
M0268,2024-02,10,0,81.3
M0268,2024-03,8,1,45.0
M0268,2024-04,9,2,52.1
M0268,2024-05,2,0,70.4
M0268,2024-06,3,0,57.4
M0269,2024-02,11,0,57.8
M0269,2024-03,11,0,66.2
M0269,2024-04,11,0,67.2
M0269,2024-05,12,0,38.8
M0269,2024-06,8,0,75.7
M0269,2024-07,9,0,68.0
M0269,2024-08,9,0,71.9
M0269,2024-09,10,0,56.6
M0269,2024-10,14,2,74.0
M0269,2024-11,7,0,73.3
M0269,2024-12,11,0,67.7
M0270,2024-03,13,0,64.6
M0270,2024-04,11,2,55.4
M0270,2024-05,14,0,72.1
M0270,2024-06,11,2,63.2
M0270,2024-07,11,0,74.4
M0270,2024-08,6,0,73.3
M0270,2024-09,4,0,56.0
M0270,2024-10,12,0,52.9
M0270,2024-11,12,0,63.4
M0270,2024-12,12,0,59.2
M0271,2024-06,11,4,78.6
M0271,2024-07,12,0,81.9
M0271,2024-08,7,1,56.2
M0271,2024-09,16,0,56.3
M0271,2024-10,11,0,59.3
M0271,2024-11,16,0,61.5
M0271,2024-12,6,0,59.8
M0272,2024-01,9,0,59.5
M0272,2024-02,17,0,48.8
M0272,2024-03,7,0,63.1
M0272,2024-04,15,1,64.6
M0272,2024-05,8,0,54.0
M0272,2024-06,2,0,76.1
M0272,2024-07,2,2,38.4
M0273,2024-10,10,1,54.5
M0273,2024-11,5,0,67.0
M0273,2024-12,4,1,78.6
M0274,2024-10,5,2,80.6
M0274,2024-11,11,2,44.2
M0274,2024-12,7,0,52.1
M0275,2024-05,6,0,71.9
M0275,2024-06,7,0,93.1
M0275,2024-07,12,0,70.2
M0275,2024-08,9,0,46.2
M0275,2024-09,8,4,75.4
M0275,2024-10,12,0,48.5
M0275,2024-11,2,0,63.0
M0275,2024-12,1,0,40.3
M0276,2024-01,13,0,45.2
M0276,2024-02,12,0,40.4
M0276,2024-03,10,0,76.8
M0276,2024-04,9,1,71.0
M0276,2024-05,4,0,63.8
M0276,2024-06,13,0,57.1
M0276,2024-07,8,0,61.9
M0276,2024-08,12,0,68.0
M0276,2024-09,9,0,70.5
M0276,2024-10,20,0,75.0
M0276,2024-11,10,0,60.7
M0276,2024-12,6,0,51.1
M0277,2024-01,12,0,69.4
M0277,2024-02,9,0,77.2
M0277,2024-03,11,0,79.2
M0277,2024-04,10,0,74.9
M0277,2024-05,6,0,56.5
M0277,2024-06,9,0,62.3
M0277,2024-07,11,0,76.1
M0277,2024-08,3,0,46.5
M0277,2024-09,8,0,39.6
M0277,2024-10,8,0,41.7
M0277,2024-11,9,0,65.9
M0277,2024-12,5,3,55.0
M0278,2024-06,12,0,50.0
M0278,2024-07,7,0,81.6
M0278,2024-08,10,0,41.4
M0278,2024-09,8,0,44.8
M0278,2024-10,10,0,37.8
M0278,2024-11,4,3,59.9
M0278,2024-12,9,0,41.1
M0279,2024-06,10,0,56.8
M0279,2024-07,8,0,49.9
M0279,2024-08,10,0,84.2
M0279,2024-09,14,1,66.5
M0279,2024-10,9,0,63.8
M0279,2024-11,8,0,34.3
M0279,2024-12,7,2,45.1
M0280,2024-08,13,0,66.5
M0280,2024-09,5,0,82.2
M0280,2024-10,10,0,62.5
M0280,2024-11,2,3,75.3
M0280,2024-12,3,0,68.2
M0281,2024-02,9,0,52.3
M0281,2024-03,7,0,55.6
M0281,2024-04,11,2,75.8
M0281,2024-05,10,0,45.8
M0281,2024-06,9,0,81.6
M0281,2024-07,4,0,82.1
M0281,2024-08,6,0,55.2
M0281,2024-09,9,0,66.7
M0281,2024-10,12,0,49.1
M0281,2024-11,11,0,47.7
M0281,2024-12,7,0,21.4
M0282,2024-02,8,0,54.7
M0282,2024-03,9,0,69.0
M0282,2024-04,6,0,63.9
M0282,2024-05,8,0,51.1
M0282,2024-06,6,0,75.2
M0282,2024-07,12,0,37.2
M0282,2024-08,11,0,39.7
M0282,2024-09,5,0,83.6
M0282,2024-10,9,0,50.1
M0282,2024-11,14,0,52.4
M0282,2024-12,5,0,46.8
M0283,2024-01,9,0,66.8
M0283,2024-02,15,0,50.4
M0283,2024-03,13,0,48.1
M0283,2024-04,11,0,73.7
M0283,2024-05,8,0,72.8
M0283,2024-06,12,0,77.6
M0283,2024-07,13,0,34.9
M0283,2024-08,11,0,54.2
M0283,2024-09,6,1,58.8
M0283,2024-10,8,0,55.1
M0283,2024-11,7,2,76.0
M0283,2024-12,12,0,46.0
M0284,2024-03,7,0,79.0
M0284,2024-04,9,0,59.5
M0284,2024-05,5,1,63.4
M0284,2024-06,6,0,49.2
M0284,2024-07,6,0,49.4
M0284,2024-08,5,0,67.5
M0284,2024-09,7,0,64.4
M0284,2024-10,6,4,50.0
M0284,2024-11,12,0,51.1
M0284,2024-12,14,0,46.6
M0285,2024-01,5,0,52.7
M0285,2024-02,8,1,53.5
M0285,2024-03,9,0,59.8
M0285,2024-04,11,0,67.5
M0285,2024-05,6,2,58.5
M0285,2024-06,5,0,69.7
M0285,2024-07,13,0,36.7
M0285,2024-08,7,0,68.2
M0285,2024-09,7,0,57.9
M0285,2024-10,14,0,64.9
M0285,2024-11,11,0,60.5
M0285,2024-12,10,2,82.5
M0286,2024-04,12,0,66.6
M0286,2024-05,2,0,51.7
M0286,2024-06,4,0,39.5
M0287,2024-06,10,0,64.2
M0287,2024-07,6,2,59.2
M0287,2024-08,14,0,42.4
M0287,2024-09,11,0,46.5
M0287,2024-10,13,0,59.6
M0287,2024-11,5,1,49.3
M0287,2024-12,9,0,52.6
M0288,2024-04,6,0,65.0
M0288,2024-05,10,0,46.3
M0288,2024-06,11,0,39.8
M0288,2024-07,11,0,26.2
M0288,2024-08,14,0,73.3
M0288,2024-09,10,0,81.6
M0288,2024-10,5,0,45.7
M0288,2024-11,11,0,73.1
M0288,2024-12,13,0,56.5
M0289,2024-02,12,0,77.4
M0289,2024-03,11,0,82.9
M0289,2024-04,10,2,61.3
M0289,2024-05,13,0,45.9
M0289,2024-06,9,0,96.4
M0289,2024-07,7,2,58.6
M0289,2024-08,7,0,59.0
M0289,2024-09,4,1,47.7
M0289,2024-10,9,0,58.4
M0289,2024-11,14,0,40.7
M0289,2024-12,12,0,42.8
M0290,2024-07,4,0,67.9
M0290,2024-08,5,1,57.9
M0290,2024-09,14,0,38.9
M0290,2024-10,6,0,34.8
M0290,2024-11,11,0,83.0
M0290,2024-12,13,0,83.6
M0291,2024-07,7,0,45.3
M0291,2024-08,13,2,85.4
M0291,2024-09,8,2,60.5
M0291,2024-10,12,0,63.0
M0291,2024-11,9,1,86.2
M0291,2024-12,9,0,71.1
M0292,2024-10,12,3,62.9
M0292,2024-11,6,1,68.4
M0292,2024-12,17,0,67.9
M0293,2024-06,14,0,51.8
M0293,2024-07,5,0,58.3
M0293,2024-08,17,0,34.7
M0293,2024-09,8,0,50.5
M0293,2024-10,9,1,65.7
M0293,2024-11,10,1,70.7
M0293,2024-12,7,0,78.2
M0294,2024-09,2,0,51.3
M0294,2024-10,9,1,44.9
M0294,2024-11,14,0,80.2
M0294,2024-12,5,0,69.5
M0295,2024-01,18,2,91.7
M0295,2024-02,4,0,66.6
M0295,2024-03,11,0,69.6
M0295,2024-04,10,0,83.1
M0295,2024-05,9,0,66.2
M0295,2024-06,7,0,73.1
M0295,2024-07,12,0,70.5
M0295,2024-08,6,0,61.5
M0295,2024-09,4,0,67.8
M0295,2024-10,12,0,72.9
M0295,2024-11,11,0,68.5
M0295,2024-12,8,2,66.1
M0296,2024-02,7,0,49.6
M0296,2024-03,11,3,78.3
M0296,2024-04,15,0,50.1
M0296,2024-05,6,0,64.8
M0296,2024-06,11,0,69.6
M0296,2024-07,12,0,68.8
M0296,2024-08,7,2,60.0
M0296,2024-09,6,0,66.7
M0296,2024-10,10,1,73.6
M0296,2024-11,8,0,47.4
M0296,2024-12,6,0,62.1
M0297,2024-04,12,0,58.1
M0297,2024-05,10,0,39.8
M0297,2024-06,6,0,62.6
M0297,2024-07,10,0,78.4
M0297,2024-08,11,0,80.9
M0297,2024-09,13,2,42.1
M0297,2024-10,8,2,67.3
M0297,2024-11,13,0,78.1
M0297,2024-12,12,0,62.6
M0298,2024-04,8,0,72.5
M0298,2024-05,7,2,73.7
M0298,2024-06,7,0,35.7
M0298,2024-07,17,0,56.9
M0298,2024-08,13,0,70.1
M0298,2024-09,6,0,60.8
M0298,2024-10,5,0,65.7
M0298,2024-11,6,0,71.7
M0298,2024-12,10,1,50.8
M0299,2024-03,10,1,62.9
M0299,2024-04,17,0,71.0
M0299,2024-05,18,0,48.2
M0299,2024-06,10,1,63.4
M0299,2024-07,7,0,60.0
M0299,2024-08,11,0,56.4
M0299,2024-09,11,0,48.6
M0299,2024-10,5,0,85.2
M0299,2024-11,4,0,58.0
M0299,2024-12,1,0,83.7
M0300,2024-09,14,1,37.7
M0300,2024-10,4,0,43.8
M0300,2024-11,12,0,48.6
M0300,2024-12,10,0,67.4
