applicant_id,department,gender,experience_years,test_score,interview_round,hired
A0460,영업,남,2.2,76.7,3,1
A0458,영업,남,7.9,79.0,3,1
A1023,마케팅,여,4.8,60.8,1,0
A0142,개발,남,3.2,61.5,2,1
A0669,디자인,여,4.3,75.0,1,0
A1012,마케팅,여,3.3,46.2,2,0
A0152,개발,남,1.5,59.2,3,1
A0831,디자인,여,4.0,71.5,2,1
A0751,디자인,여,4.1,53.5,2,0
A0047,개발,남,2.9,78.5,2,1
A1133,마케팅,여,3.5,70.7,2,0
A0129,개발,남,4.5,65.9,3,1
A0035,개발,남,3.6,68.2,2,1
A0281,개발,남,2.5,75.9,2,0
A0595,영업,여,4.8,68.0,3,1
A0722,디자인,여,5.4,64.2,1,0
A1129,마케팅,여,8.3,80.1,2,0
A0400,영업,남,4.3,85.9,3,1
A0695,디자인,여,6.8,66.5,3,1
A0110,개발,남,4.0,64.9,1,1
A0670,디자인,여,5.5,66.9,3,1
A0888,디자인,여,9.4,69.2,2,0
A0475,영업,남,4.3,63.8,3,1
A1164,마케팅,여,5.9,50.5,3,0
A0545,영업,남,7.6,72.3,3,0
A0052,개발,남,7.4,59.9,3,1
A1188,마케팅,여,4.5,62.7,1,0
A1125,마케팅,여,2.4,57.2,3,0
A0842,디자인,여,8.5,51.3,1,0
A0187,개발,남,1.7,76.5,1,1
A0319,개발,여,5.8,78.4,3,1
A0141,개발,남,1.8,76.1,3,1
A0944,마케팅,남,7.1,70.0,2,1
A0970,마케팅,여,7.9,90.4,1,0
A0064,개발,남,2.2,66.9,2,0
A1167,마케팅,여,2.5,84.4,2,1
A0757,디자인,여,5.2,72.0,3,0
A0811,디자인,여,5.8,40.9,2,0
A0099,개발,남,0.0,80.4,2,1
A0190,개발,남,2.5,78.8,1,1
A0621,디자인,남,6.4,78.3,3,0
A0221,개발,남,0.0,59.8,2,1
A0976,마케팅,여,8.8,59.4,2,0
A0408,영업,남,4.9,88.4,2,1
A1068,마케팅,여,4.7,57.7,3,0
A1175,마케팅,여,2.6,67.6,1,0
A0335,개발,여,6.0,64.2,2,1
A0532,영업,남,2.7,73.9,1,1
A0682,디자인,여,6.4,56.9,3,1
A0340,개발,여,7.1,67.3,1,0
A0558,영업,여,3.4,54.6,1,0
A0654,디자인,여,6.4,54.4,1,0
A0114,개발,남,3.4,69.4,2,1
A0375,영업,남,2.0,38.5,2,1
A0217,개발,남,9.2,75.3,3,1
A0813,디자인,여,3.8,70.2,1,0
A0368,영업,남,1.3,58.2,1,0
A1106,마케팅,여,7.4,83.6,1,1
A1086,마케팅,여,7.0,73.0,1,0
A0998,마케팅,여,4.3,69.6,1,0
A0084,개발,남,8.2,77.1,2,0
A0010,개발,남,7.8,91.4,3,1
A1096,마케팅,여,4.4,59.1,1,0
A0054,개발,남,3.6,62.3,3,1
A0926,마케팅,남,3.3,75.6,3,0
A0337,개발,여,7.2,81.5,2,1
A0253,개발,남,6.1,74.5,1,1
A1017,마케팅,여,6.5,73.7,1,1
A0566,영업,여,6.9,64.8,3,0
A0786,디자인,여,4.2,57.1,3,0
A0263,개발,남,5.2,63.7,2,1
A0782,디자인,여,7.9,71.9,2,0
A0834,디자인,여,8.7,89.6,3,0
A0832,디자인,여,2.3,68.9,2,0
A0643,디자인,남,3.9,51.0,1,0
A0879,디자인,여,0.0,70.2,1,1
A0173,개발,남,6.8,82.4,3,1
A0279,개발,남,3.3,53.3,2,1
A1091,마케팅,여,6.9,49.1,2,0
A0552,영업,여,5.3,73.9,2,1
A0206,개발,남,2.2,77.4,3,1
A1021,마케팅,여,5.7,60.7,2,0
A0531,영업,남,3.1,73.8,3,0
A0611,디자인,남,5.3,71.8,3,0
A0055,개발,남,2.7,68.4,1,1
A0780,디자인,여,7.3,68.7,2,1
A0362,영업,남,5.3,62.6,1,0
A0624,디자인,남,5.3,86.8,1,0
A0858,디자인,여,6.4,63.0,2,0
A1089,마케팅,여,10.3,72.9,3,0
A1013,마케팅,여,5.8,82.3,2,0
A0147,개발,남,7.2,89.6,3,1
A0921,마케팅,남,5.9,59.7,2,0
A0171,개발,남,6.1,78.5,3,1
A0041,개발,남,0.9,69.7,1,1
A0535,영업,남,5.5,66.4,1,0
A0501,영업,남,2.8,81.0,1,1
A0419,영업,남,9.2,67.4,3,0
A0232,개발,남,0.0,64.4,2,1
A0102,개발,남,2.7,64.9,1,1
A0490,영업,남,0.0,71.7,2,1
A0427,영업,남,4.8,67.7,1,1
A0327,개발,여,0.0,64.2,1,1
A0474,영업,남,9.1,78.7,1,1
A0791,디자인,여,7.9,68.6,2,0
A0098,개발,남,2.6,72.4,1,1
A0628,디자인,남,4.0,47.5,3,0
A0570,영업,여,1.7,64.5,2,0
A0949,마케팅,남,7.1,72.5,1,0
A0749,디자인,여,0.0,65.8,3,0
A1039,마케팅,여,5.8,68.6,3,1
A0901,마케팅,남,5.2,66.6,1,0
A1082,마케팅,여,4.9,75.1,3,0
A0598,영업,여,4.7,55.4,3,1
A0557,영업,여,3.3,72.4,3,0
A0698,디자인,여,6.1,69.0,1,1
A0755,디자인,여,0.1,75.1,2,1
A0541,영업,남,6.0,70.7,3,0
A0887,디자인,여,2.3,53.8,2,0
A0987,마케팅,여,2.2,83.3,3,1
A0971,마케팅,여,1.1,74.5,1,1
A0951,마케팅,여,6.8,71.1,1,0
A0180,개발,남,1.9,59.6,2,1
A1070,마케팅,여,5.5,63.9,3,0
A1117,마케팅,여,3.6,58.5,1,0
A0668,디자인,여,3.1,37.4,3,0
A0499,영업,남,4.9,68.1,2,1
A0859,디자인,여,4.3,67.8,1,1
A0665,디자인,여,7.6,86.4,2,1
A1174,마케팅,여,5.8,62.5,3,1
A0512,영업,남,7.1,66.5,2,1
A0018,개발,남,5.6,72.7,2,1
A0604,디자인,남,6.7,74.9,2,0
A0254,개발,남,7.1,83.6,1,0
A0416,영업,남,2.4,87.4,3,1
A0740,디자인,여,3.2,57.5,1,0
A0510,영업,남,1.0,51.6,2,1
A0508,영업,남,2.4,70.0,2,0
A0688,디자인,여,5.4,56.7,3,0
A0286,개발,남,1.0,65.4,3,0
A0356,영업,남,5.3,91.2,3,1
A0793,디자인,여,10.1,77.7,2,0
A0452,영업,남,5.9,74.4,1,1
A0587,영업,여,2.5,55.2,3,1
A0709,디자인,여,8.3,73.7,3,0
A0326,개발,여,3.9,85.1,3,1
A0109,개발,남,0.6,67.3,3,1
A1018,마케팅,여,3.2,51.6,1,0
A1053,마케팅,여,1.8,64.2,1,0
A0956,마케팅,여,6.9,59.0,2,0
A0100,개발,남,4.1,65.6,1,0
A1183,마케팅,여,1.8,55.0,1,1
A0205,개발,남,7.1,82.1,3,1
A0680,디자인,여,2.8,70.3,2,0
A1055,마케팅,여,5.7,57.0,2,0
A0852,디자인,여,8.3,76.2,1,0
A0734,디자인,여,4.4,71.1,1,0
A1200,마케팅,여,1.8,64.0,3,0
A1051,마케팅,여,9.6,76.5,2,0
A0856,디자인,여,4.7,70.7,1,0
A0965,마케팅,여,3.6,84.9,1,0
A1179,마케팅,여,1.7,59.4,2,0
A0264,개발,남,3.2,52.8,3,0
A0964,마케팅,여,5.4,72.4,3,1
A0285,개발,남,1.8,57.4,3,0
A0024,개발,남,3.1,60.7,2,0
A0833,디자인,여,0.0,70.2,3,0
A0229,개발,남,1.6,79.6,3,1
A0666,디자인,여,6.4,60.4,3,0
A0938,마케팅,남,7.1,80.1,1,0
A0870,디자인,여,3.0,86.5,1,1
A0265,개발,남,5.8,69.1,2,0
A0124,개발,남,3.5,67.3,3,1
A1119,마케팅,여,5.3,74.2,2,0
A1084,마케팅,여,2.2,79.4,2,0
A1071,마케팅,여,6.5,70.1,1,0
A0650,디자인,남,5.2,70.8,3,0
A0271,개발,남,3.7,56.9,1,1
A0507,영업,남,6.3,91.1,2,1
A0721,디자인,여,4.5,72.1,3,0
A0453,영업,남,6.0,66.1,3,0
A0801,디자인,여,9.4,60.9,1,0
A0071,개발,남,0.5,62.7,2,1
A0526,영업,남,3.1,62.5,3,0
A0397,영업,남,5.7,63.1,3,0
A0172,개발,남,4.5,73.4,2,1
A1199,마케팅,여,5.8,88.8,3,1
A0169,개발,남,3.0,66.9,2,0
A0549,영업,남,3.1,63.7,2,1
A0306,개발,여,4.1,79.0,3,0
A0632,디자인,남,7.7,77.8,3,0
A0126,개발,남,6.0,70.1,3,1
A0846,디자인,여,2.8,55.9,2,0
A0284,개발,남,4.6,63.7,2,1
A0165,개발,남,6.6,82.4,1,1
A0767,디자인,여,2.7,60.2,2,1
A0493,영업,남,4.3,54.8,3,0
A0808,디자인,여,1.2,63.6,1,1
A0043,개발,남,2.3,49.1,2,1
A0752,디자인,여,1.9,75.7,3,0
A0880,디자인,여,3.3,52.6,1,0
A0410,영업,남,8.0,80.0,3,0
A0133,개발,남,2.9,71.8,3,1
A1139,마케팅,여,8.6,76.4,2,0
A0509,영업,남,9.7,73.8,1,1
A0039,개발,남,5.1,83.6,3,1
A1057,마케팅,여,1.4,55.2,2,0
A0564,영업,여,6.3,85.1,3,1
A0572,영업,여,7.1,62.6,3,1
A0935,마케팅,남,6.0,80.1,2,1
A0891,디자인,여,3.3,59.3,3,0
A0878,디자인,여,4.1,79.0,1,1
A0871,디자인,여,5.0,66.9,2,0
A0014,개발,남,4.9,80.2,2,1
A0167,개발,남,1.2,59.9,1,1
A0519,영업,남,0.9,78.5,2,1
A0225,개발,남,6.3,66.0,2,1
A0307,개발,여,8.8,75.7,2,1
A0876,디자인,여,2.2,68.9,2,0
A0352,영업,남,7.3,75.0,3,1
A0373,영업,남,3.8,68.3,2,1
A1020,마케팅,여,3.1,66.1,1,0
A0021,개발,남,1.7,58.9,1,0
A1161,마케팅,여,4.7,56.3,2,1
A0072,개발,남,11.4,84.2,2,1
A0559,영업,여,4.7,70.3,3,1
A0364,영업,남,8.4,43.8,1,0
A0061,개발,남,4.9,59.4,3,0
A0351,영업,남,6.2,82.9,1,1
A0111,개발,남,0.2,59.0,2,1
A0005,개발,남,3.5,79.9,2,1
A0309,개발,여,9.9,72.3,2,1
A0610,디자인,남,3.5,66.9,1,0
A0837,디자인,여,3.4,61.5,2,1
A0345,개발,여,7.5,81.2,2,1
A1121,마케팅,여,6.7,68.5,1,0
A0290,개발,남,6.0,64.7,2,1
A0479,영업,남,6.0,80.4,3,1
A0386,영업,남,3.4,70.9,3,1
A0774,디자인,여,4.3,83.0,3,1
A1059,마케팅,여,5.1,64.9,1,0
A1034,마케팅,여,5.5,69.2,3,0
A0892,디자인,여,2.4,64.9,3,0
A0095,개발,남,4.6,68.9,2,1
A0096,개발,남,7.8,54.4,3,0
A0954,마케팅,여,2.3,65.6,3,0
A1134,마케팅,여,3.9,68.2,1,1
A0667,디자인,여,7.2,64.3,1,0
A0732,디자인,여,0.4,71.8,1,1
A0893,디자인,여,0.8,57.6,2,0
A0485,영업,남,1.2,61.9,3,1
A1154,마케팅,여,2.6,54.4,2,0
A0059,개발,남,0.0,64.7,1,0
A0208,개발,남,5.2,63.8,1,0
A0409,영업,남,9.4,71.1,3,0
A0380,영업,남,3.0,67.3,1,0
A0413,영업,남,4.6,71.9,1,0
A0025,개발,남,6.7,59.7,3,1
A1010,마케팅,여,7.0,67.2,2,0
A0245,개발,남,3.1,66.9,3,1
A0026,개발,남,4.1,66.3,3,0
A0223,개발,남,8.1,78.2,3,1
A0884,디자인,여,1.5,73.3,3,1
A1006,마케팅,여,0.5,68.0,2,0
A1067,마케팅,여,5.9,51.6,1,0
A0131,개발,남,2.2,69.9,1,1
A0154,개발,남,0.2,46.2,2,0
A1024,마케팅,여,1.4,59.8,1,0
A0930,마케팅,남,3.1,50.8,3,0
A0494,영업,남,6.2,66.0,3,0
A1050,마케팅,여,5.4,65.1,3,0
A0076,개발,남,7.5,83.1,3,1
A0902,마케팅,남,6.0,71.2,3,0
A1052,마케팅,여,5.0,64.2,2,0
A0317,개발,여,5.1,81.3,2,1
A0963,마케팅,여,6.4,62.6,2,0
A0942,마케팅,남,3.3,60.0,2,0
A0634,디자인,남,4.4,72.4,2,0
A0200,개발,남,5.1,70.0,3,0
A1015,마케팅,여,3.1,62.8,3,0
A0135,개발,남,4.1,67.7,3,1
A0627,디자인,남,0.3,75.4,2,0
A0260,개발,남,2.0,57.9,1,1
A0591,영업,여,5.3,69.4,1,1
A0004,개발,남,3.7,69.6,1,1
A0960,마케팅,여,7.0,88.4,3,1
A0504,영업,남,6.7,70.2,1,1
A0197,개발,남,10.0,65.7,1,1
A0657,디자인,여,5.3,87.3,1,1
A0569,영업,여,1.8,53.1,2,0
A0027,개발,남,3.2,72.3,3,1
A1104,마케팅,여,9.8,77.1,3,1
A0456,영업,남,2.3,70.7,3,1
A1111,마케팅,여,4.6,61.4,1,0
A0619,디자인,남,3.2,53.3,2,0
A0062,개발,남,6.8,66.1,1,1
A1130,마케팅,여,7.7,70.5,3,0
A0994,마케팅,여,1.4,53.1,3,0
A0658,디자인,여,0.3,60.3,3,0
A0725,디자인,여,7.8,75.0,1,0
A0745,디자인,여,10.1,69.1,2,0
A0686,디자인,여,1.6,62.3,1,1
A0378,영업,남,2.4,85.6,3,0
A1014,마케팅,여,2.2,51.5,3,0
A0432,영업,남,3.0,58.3,3,1
A0849,디자인,여,5.8,64.8,1,0
A0009,개발,남,5.7,79.6,2,1
A0489,영업,남,4.2,76.6,3,1
A0586,영업,여,9.1,84.0,2,1
A1025,마케팅,여,1.3,67.6,2,0
A1146,마케팅,여,1.2,58.8,1,0
A0741,디자인,여,4.2,66.6,2,1
A0789,디자인,여,1.8,56.3,2,0
A0446,영업,남,3.4,73.3,1,1
A0075,개발,남,2.1,44.4,3,0
A0542,영업,남,4.0,90.2,3,1
A0058,개발,남,6.2,74.9,3,0
A1114,마케팅,여,5.6,60.3,3,0
A0735,디자인,여,3.0,59.2,3,0
A0298,개발,남,8.5,64.6,2,1
A0844,디자인,여,5.3,86.9,2,0
A0218,개발,남,4.2,63.4,1,1
A0704,디자인,여,3.3,74.9,3,1
A0645,디자인,남,5.2,84.5,3,1
A0421,영업,남,3.8,75.1,2,1
A0359,영업,남,1.7,80.1,2,1
A1185,마케팅,여,2.5,70.3,1,0
A1194,마케팅,여,5.5,86.1,1,0
A0523,영업,남,2.3,59.5,1,1
A0678,디자인,여,9.4,64.2,2,0
A0820,디자인,여,8.5,57.3,2,0
A1061,마케팅,여,7.4,73.4,2,1
A0267,개발,남,8.5,71.2,3,1
A0007,개발,남,5.3,81.2,3,1
A0518,영업,남,3.0,54.5,1,0
A0794,디자인,여,2.3,66.2,2,0
A0753,디자인,여,10.5,76.1,3,0
A0139,개발,남,7.0,64.8,3,1
A0164,개발,남,9.3,73.1,2,0
A0707,디자인,여,2.6,57.8,1,0
A0527,영업,남,0.6,50.0,3,0
A1054,마케팅,여,6.7,60.8,1,0
A0044,개발,남,9.0,86.5,1,1
A0739,디자인,여,7.7,92.9,2,1
A0726,디자인,여,5.8,60.5,2,0
A0320,개발,여,5.0,64.9,1,1
A0770,디자인,여,5.0,57.7,3,0
A1163,마케팅,여,9.7,79.0,3,0
A0719,디자인,여,6.5,68.2,3,0
A0295,개발,남,8.1,60.7,2,0
A1136,마케팅,여,4.4,62.4,3,0
A1004,마케팅,여,3.8,60.3,3,0
A1038,마케팅,여,8.0,63.1,3,0
A0455,영업,남,2.8,56.9,2,0
A0020,개발,남,1.7,64.7,3,1
A0983,마케팅,여,5.4,67.4,3,0
A0563,영업,여,6.7,72.6,2,1
A0940,마케팅,남,5.7,71.9,1,0
A0713,디자인,여,6.1,68.2,1,0
A1103,마케팅,여,6.2,56.7,1,0
A0511,영업,남,1.7,76.4,2,1
A0431,영업,남,5.4,69.2,3,1
A0138,개발,남,8.1,81.9,1,1
A0797,디자인,여,7.6,75.5,2,0
A0186,개발,남,5.1,70.2,1,1
A0928,마케팅,남,4.6,75.7,2,0
A0398,영업,남,2.2,58.5,2,1
A1138,마케팅,여,3.0,65.7,2,0
A0390,영업,남,2.5,71.1,1,0
A1128,마케팅,여,8.2,73.2,3,0
A0663,디자인,여,8.4,72.0,3,0
A0328,개발,여,3.1,49.3,3,0
A0318,개발,여,0.7,58.5,1,0
A0805,디자인,여,3.8,64.5,1,1
A1156,마케팅,여,4.2,64.1,2,0
A0514,영업,남,0.0,56.6,1,1
A0705,디자인,여,6.2,67.8,3,0
A0769,디자인,여,6.4,63.1,2,1
A0433,영업,남,5.3,76.2,2,0
A0529,영업,남,5.4,70.6,3,0
A0756,디자인,여,4.3,72.3,1,0
A0149,개발,남,4.3,69.0,1,0
A0448,영업,남,8.3,72.8,1,1
A0923,마케팅,남,8.3,68.3,1,0
A0737,디자인,여,3.8,67.2,3,0
A0946,마케팅,남,3.8,56.9,3,0
A0366,영업,남,6.6,95.2,1,1
A0618,디자인,남,5.1,60.6,3,0
A0612,디자인,남,2.5,57.8,1,0
A0790,디자인,여,3.1,88.5,1,0
A1140,마케팅,여,5.7,77.6,1,1
A1076,마케팅,여,2.2,62.3,2,0
A0524,영업,남,3.8,70.8,2,1
A0233,개발,남,4.9,50.1,2,0
A0592,영업,여,3.3,80.0,2,1
A0817,디자인,여,1.3,70.5,1,0
A0447,영업,남,2.2,69.0,2,1
A0159,개발,남,3.6,81.0,3,1
A0316,개발,여,4.2,56.5,1,1
A0257,개발,남,6.6,82.4,1,1
A1019,마케팅,여,5.8,80.4,1,1
A0097,개발,남,2.7,66.9,2,0
A1170,마케팅,여,3.2,74.8,1,0
A1035,마케팅,여,12.8,75.2,1,0
A0385,영업,남,1.1,67.3,2,1
A1047,마케팅,여,5.1,62.8,2,0
A0178,개발,남,2.4,79.5,2,0
A0329,개발,여,0.5,46.5,3,0
A0315,개발,여,1.4,74.8,1,1
A0358,영업,남,5.6,51.2,2,0
A0348,개발,여,4.9,58.5,3,0
A0464,영업,남,0.0,63.9,2,1
A0299,개발,남,1.9,65.0,3,0
A0814,디자인,여,4.4,65.2,1,0
A0836,디자인,여,1.7,51.0,1,0
A0759,디자인,여,5.3,82.5,1,1
A0681,디자인,여,3.3,39.4,1,0
A0784,디자인,여,2.3,68.6,1,0
A0636,디자인,남,5.4,67.0,3,1
A0250,개발,남,2.3,73.0,3,1
A0772,디자인,여,5.1,59.2,2,0
A0016,개발,남,5.4,80.6,2,0
A0160,개발,남,3.5,68.8,3,1
A0702,디자인,여,1.7,49.0,2,0
A0588,영업,여,1.9,62.7,2,0
A0361,영업,남,0.4,63.5,1,0
A0049,개발,남,0.0,68.3,3,1
A0633,디자인,남,4.0,42.7,3,0
A0331,개발,여,3.3,60.4,1,1
A1098,마케팅,여,3.7,58.2,2,0
A0468,영업,남,5.4,39.6,2,0
A0113,개발,남,3.6,69.1,1,0
A0339,개발,여,0.0,64.2,3,1
A0308,개발,여,7.3,73.3,3,0
A0907,마케팅,남,4.8,72.0,1,0
A0423,영업,남,4.3,87.3,2,1
A0999,마케팅,여,1.9,55.8,1,1
A0981,마케팅,여,3.7,70.9,2,0
A0484,영업,남,5.4,83.6,2,1
A0761,디자인,여,4.2,72.6,3,0
A0821,디자인,여,0.9,49.7,3,0
A0622,디자인,남,8.4,60.1,3,0
A0396,영업,남,4.4,73.1,2,1
A0881,디자인,여,8.1,73.6,2,0
A0886,디자인,여,6.0,69.6,1,0
A0128,개발,남,3.9,54.1,2,1
A0651,디자인,여,6.9,74.4,2,1
A1109,마케팅,여,5.3,81.2,3,1
A0656,디자인,여,3.7,57.8,1,1
A0579,영업,여,9.1,50.7,1,0
A0450,영업,남,6.4,79.6,2,1
A0238,개발,남,2.2,70.7,2,1
A0168,개발,남,5.1,61.2,3,0
A0993,마케팅,여,4.2,60.8,2,0
A1042,마케팅,여,7.0,47.9,2,0
A0081,개발,남,0.4,59.6,3,1
A0415,영업,남,3.4,46.9,2,0
A0931,마케팅,남,0.6,63.5,3,0
A0301,개발,여,1.2,76.7,2,1
A0620,디자인,남,4.3,76.2,3,0
A0325,개발,여,2.8,78.5,1,1
A0472,영업,남,3.2,71.4,3,1
A0216,개발,남,2.8,59.7,2,0
A0599,영업,여,9.6,85.9,1,1
A0031,개발,남,3.5,67.5,2,1
A0243,개발,남,4.7,77.8,3,1
A0703,디자인,여,6.1,79.3,1,0
A0913,마케팅,남,2.7,61.2,1,1
A0961,마케팅,여,4.0,63.8,2,0
A0210,개발,남,3.1,55.0,3,1
A0548,영업,남,2.0,61.8,2,1
A0748,디자인,여,3.2,60.0,3,0
A0919,마케팅,남,2.8,64.7,2,0
A0436,영업,남,3.1,77.7,3,0
A0028,개발,남,4.3,54.3,1,1
A1064,마케팅,여,6.1,77.3,2,0
A1153,마케팅,여,4.1,60.8,3,0
A0123,개발,남,2.8,71.4,2,1
A1090,마케팅,여,6.9,61.7,1,0
A0463,영업,남,5.5,66.0,3,1
A1032,마케팅,여,1.3,61.0,1,0
A1122,마케팅,여,4.2,63.6,2,0
A0644,디자인,남,8.6,87.1,3,1
A0937,마케팅,남,3.2,72.4,3,1
A0738,디자인,여,5.5,69.7,3,1
A0747,디자인,여,8.5,59.7,3,0
A0505,영업,남,6.2,77.8,2,1
A0203,개발,남,7.3,76.6,2,1
A0404,영업,남,0.7,65.1,3,1
A0565,영업,여,7.8,75.5,2,1
A1184,마케팅,여,10.7,69.6,1,1
A0363,영업,남,4.3,53.7,3,0
A0272,개발,남,6.6,79.1,1,0
A0467,영업,남,6.2,71.4,3,1
A1102,마케팅,여,5.7,77.6,1,0
A1065,마케팅,여,7.1,71.8,2,0
A1095,마케팅,여,3.3,70.2,2,0
A0273,개발,남,6.5,69.6,1,0
A0278,개발,남,6.6,88.9,3,1
A1063,마케팅,여,7.8,77.5,3,1
A0013,개발,남,0.0,56.6,2,1
A0603,디자인,남,4.2,70.2,3,0
A0674,디자인,여,2.6,60.5,2,0
A0211,개발,남,8.2,78.7,1,1
A1074,마케팅,여,2.7,55.2,3,0
A0962,마케팅,여,2.6,73.2,3,1
A0148,개발,남,4.3,67.3,2,0
A0443,영업,남,5.8,58.8,2,1
A0300,개발,남,6.8,62.4,1,0
A0116,개발,남,5.2,56.6,2,0
A0376,영업,남,4.7,65.3,2,1
A0641,디자인,남,2.8,73.6,2,0
A1172,마케팅,여,1.8,70.0,3,0
A0675,디자인,여,3.9,74.0,3,0
A0473,영업,남,4.8,56.0,2,0
A0659,디자인,여,6.0,54.5,1,0
A1083,마케팅,여,2.8,60.0,2,1
A0389,영업,남,4.7,74.6,3,0
A0023,개발,남,8.6,62.5,2,1
A0910,마케팅,남,2.1,82.7,1,0
A0873,디자인,여,0.0,70.3,2,1
A0424,영업,남,4.7,60.9,2,0
A0948,마케팅,남,5.5,79.2,2,0
A0869,디자인,여,5.2,75.5,2,1
A0649,디자인,남,0.7,52.4,1,0
A1198,마케팅,여,0.9,60.1,3,0
A0143,개발,남,6.8,84.3,3,1
A0051,개발,남,5.4,41.3,3,0
A0672,디자인,여,1.9,55.7,2,1
A0733,디자인,여,4.6,76.7,3,0
A0082,개발,남,4.4,72.9,1,1
A0483,영업,남,5.7,66.9,3,0
A0322,개발,여,8.0,84.8,3,1
A0958,마케팅,여,1.4,49.3,1,0
A0816,디자인,여,5.3,70.0,2,0
A1142,마케팅,여,4.4,82.9,3,1
A0067,개발,남,6.5,69.7,3,1
A0917,마케팅,남,5.4,78.0,3,0
A0899,디자인,여,9.5,77.9,3,0
A0744,디자인,여,0.9,56.5,2,0
A0418,영업,남,4.7,62.5,1,1
A0715,디자인,여,2.1,61.5,2,0
A0065,개발,남,3.8,82.1,3,1
A0903,마케팅,남,3.9,73.3,1,0
A0894,디자인,여,5.5,54.2,3,0
A0701,디자인,여,4.4,63.1,1,0
A0492,영업,남,4.5,63.3,3,1
A0706,디자인,여,7.5,82.2,3,0
A0796,디자인,여,3.0,75.1,3,0
A0066,개발,남,6.8,80.5,1,1
A0978,마케팅,여,1.4,57.6,1,0
A0573,영업,여,0.9,45.1,2,1
A0968,마케팅,여,3.9,61.7,2,0
A0297,개발,남,8.4,67.8,2,1
A0420,영업,남,4.2,55.6,3,1
A0439,영업,남,3.5,60.0,3,0
A0262,개발,남,7.6,84.8,2,1
A0699,디자인,여,0.0,53.2,2,0
A0282,개발,남,6.3,84.1,1,0
A0795,디자인,여,4.0,70.7,2,0
A1158,마케팅,여,5.0,63.2,2,0
A0189,개발,남,5.6,79.7,3,1
A0889,디자인,여,9.8,84.4,3,1
A0252,개발,남,7.0,71.5,1,1
A0700,디자인,여,4.7,86.9,2,1
A0515,영업,남,4.1,67.1,3,0
A0596,영업,여,5.2,69.8,3,1
A0488,영업,남,1.4,62.9,2,1
A0274,개발,남,5.5,49.6,2,0
A0953,마케팅,여,5.1,72.8,1,1
A1077,마케팅,여,10.7,91.6,2,1
A0449,영업,남,4.8,73.3,2,1
A0412,영업,남,6.5,63.7,2,0
A1075,마케팅,여,3.4,69.8,2,0
A0723,디자인,여,6.2,78.2,1,0
A0927,마케팅,남,5.2,60.6,3,0
A1168,마케팅,여,7.6,60.2,2,0
A0150,개발,남,7.8,67.9,1,1
A0219,개발,남,2.6,42.1,2,0
A0240,개발,남,4.1,55.8,1,1
A1092,마케팅,여,5.1,72.5,1,0
A0193,개발,남,3.7,70.0,1,1
A0192,개발,남,4.7,78.3,1,1
A0692,디자인,여,5.7,50.1,3,1
A0661,디자인,여,4.1,91.6,3,1
A0929,마케팅,남,3.7,58.1,2,0
A1116,마케팅,여,3.0,52.9,2,1
A0883,디자인,여,6.9,75.7,1,0
A0934,마케팅,남,6.6,67.8,1,0
A0714,디자인,여,4.0,76.0,3,1
A0583,영업,여,4.9,62.1,1,0
A1016,마케팅,여,2.6,59.9,1,0
A0324,개발,여,3.7,78.3,3,0
A0925,마케팅,남,2.7,63.6,1,0
A0857,디자인,여,0.0,52.4,1,0
A0664,디자인,여,3.8,71.1,1,0
A0438,영업,남,4.3,67.1,3,1
A0895,디자인,여,2.0,66.1,3,0
A0840,디자인,여,4.4,75.0,3,0
A0342,개발,여,8.4,71.2,1,0
A0003,개발,남,4.8,74.3,3,1
A0230,개발,남,9.5,86.0,3,1
A0652,디자인,여,4.9,64.2,3,0
A1157,마케팅,여,6.2,49.9,2,0
A0077,개발,남,2.0,77.6,2,1
A1107,마케팅,여,0.8,69.7,3,0
A0372,영업,남,6.6,87.0,2,1
A0181,개발,남,2.7,68.0,3,1
A0717,디자인,여,5.4,70.6,3,0
A0578,영업,여,4.4,80.4,2,1
A1147,마케팅,여,3.7,69.0,3,0
A0991,마케팅,여,3.9,76.2,1,1
A1026,마케팅,여,6.2,68.2,1,0
A1011,마케팅,여,6.4,62.8,2,0
A0653,디자인,여,4.8,62.8,1,0
A0590,영업,여,7.7,75.8,2,0
A0778,디자인,여,8.7,50.4,2,0
A0819,디자인,여,5.9,71.4,1,0
A0966,마케팅,여,8.0,76.7,2,0
A0890,디자인,여,6.1,59.6,3,0
A0038,개발,남,6.0,79.3,1,1
A0354,영업,남,1.6,58.9,2,1
A1099,마케팅,여,4.7,66.5,2,1
A0237,개발,남,9.6,66.1,3,1
A0936,마케팅,남,0.2,69.9,1,1
A0500,영업,남,3.0,59.2,2,1
A0554,영업,여,4.9,77.7,1,0
A0056,개발,남,0.3,69.7,1,1
A0303,개발,여,2.6,62.8,1,1
A0287,개발,남,4.5,74.6,1,1
A0975,마케팅,여,6.9,76.6,1,0
A0220,개발,남,6.6,54.0,1,1
A0642,디자인,남,8.1,66.0,3,1
A0388,영업,남,4.4,70.1,2,1
A0743,디자인,여,3.1,65.7,1,1
A0391,영업,남,1.3,77.6,1,1
A0353,영업,남,5.0,61.8,1,0
A0194,개발,남,5.2,67.7,2,1
A0236,개발,남,3.5,78.1,1,1
A0997,마케팅,여,5.6,81.4,2,1
A0481,영업,남,9.3,69.2,1,1
A0568,영업,여,3.4,80.0,3,1
A0117,개발,남,2.3,52.6,3,0
A0955,마케팅,여,12.9,75.9,3,0
A0967,마케팅,여,4.7,79.9,3,0
A1110,마케팅,여,7.8,59.8,2,0
A0771,디자인,여,7.8,88.6,1,1
A0783,디자인,여,5.2,62.7,1,0
A0121,개발,남,2.9,64.7,1,1
A0896,디자인,여,0.9,44.6,3,0
A1000,마케팅,여,0.4,65.0,3,0
A0779,디자인,여,7.3,69.0,3,0
A0063,개발,남,5.3,76.1,2,1
A0914,마케팅,남,3.6,81.9,2,1
A0454,영업,남,0.0,50.7,1,1
A0516,영업,남,3.5,59.6,3,1
A0571,영업,여,3.6,66.8,2,1
A0224,개발,남,4.0,76.4,3,1
A0614,디자인,남,7.7,79.2,1,0
A0222,개발,남,4.1,75.0,2,0
A0758,디자인,여,4.6,63.9,1,0
A0800,디자인,여,8.6,83.5,2,0
A0466,영업,남,4.2,50.9,2,0
A0053,개발,남,0.5,62.7,3,1
A1169,마케팅,여,1.8,58.4,3,1
A0486,영업,남,1.2,54.5,2,1
A1144,마케팅,여,1.6,68.6,1,0
A0922,마케팅,남,3.4,62.2,3,0
A0156,개발,남,5.5,74.4,1,1
A1196,마케팅,여,7.4,73.8,2,1
A0601,디자인,남,3.1,73.6,2,0
A0882,디자인,여,2.3,76.9,1,0
A0249,개발,남,5.0,82.4,1,0
A0442,영업,남,6.4,62.4,1,1
A0985,마케팅,여,6.5,62.1,2,1
A1186,마케팅,여,3.4,41.4,2,0
A0543,영업,남,5.1,75.7,3,1
A0118,개발,남,8.5,57.8,1,0
A0730,디자인,여,7.0,67.1,1,0
A0629,디자인,남,4.5,65.9,3,1
A1165,마케팅,여,5.8,66.2,2,0
A1151,마케팅,여,4.8,56.2,1,0
A0292,개발,남,6.7,61.7,3,1
A1045,마케팅,여,9.8,74.8,3,0
A0382,영업,남,4.2,71.4,1,1
A0818,디자인,여,2.9,42.9,1,0
A0201,개발,남,1.8,54.0,2,1
A0597,영업,여,8.0,89.0,1,1
A0986,마케팅,여,2.2,56.9,3,1
A1141,마케팅,여,7.6,77.5,1,1
A1192,마케팅,여,6.6,95.4,3,1
A0697,디자인,여,8.9,90.0,3,0
A0506,영업,남,4.4,76.3,1,1
A0349,개발,여,0.0,50.7,3,1
A1195,마케팅,여,6.0,84.2,1,0
A0341,개발,여,3.8,65.4,1,1
A0616,디자인,남,6.0,63.9,3,0
A0155,개발,남,1.2,53.4,2,1
A1145,마케팅,여,8.2,70.4,1,0
A0768,디자인,여,5.8,82.6,2,1
A1036,마케팅,여,4.4,67.5,1,0
A0288,개발,남,2.9,77.3,3,1
A0323,개발,여,5.3,87.3,3,1
A0826,디자인,여,4.9,67.5,3,0
A0825,디자인,여,3.7,61.2,3,1
A0802,디자인,여,6.2,69.9,2,1
A0083,개발,남,7.1,76.4,2,1
A0799,디자인,여,4.1,80.7,3,0
A0465,영업,남,5.5,80.1,2,1
A1027,마케팅,여,4.5,68.3,2,0
A0762,디자인,여,6.3,62.2,2,0
A1173,마케팅,여,2.3,53.0,3,0
A0885,디자인,여,9.0,74.2,3,1
A0334,개발,여,5.4,87.0,2,1
A0011,개발,남,1.7,70.1,2,1
A0471,영업,남,5.7,69.8,1,1
A0033,개발,남,0.8,71.9,3,1
A1150,마케팅,여,5.3,66.2,2,0
A0414,영업,남,5.0,78.9,3,1
A0581,영업,여,5.0,68.7,3,1
A0383,영업,남,4.6,69.8,3,0
A0829,디자인,여,3.2,49.4,3,0
A0898,디자인,여,4.6,41.3,3,0
A1178,마케팅,여,3.2,60.7,2,0
A0841,디자인,여,1.6,72.4,3,1
A1143,마케팅,여,3.1,49.3,1,0
A0379,영업,남,6.6,58.8,3,1
A0090,개발,남,9.1,81.3,3,0
A0798,디자인,여,4.6,74.6,1,0
A0602,디자인,남,3.4,65.9,2,0
A0214,개발,남,5.1,62.5,3,1
A0333,개발,여,5.9,72.7,2,1
A0134,개발,남,7.3,66.4,3,0
A0347,개발,여,7.3,64.1,2,1
A0862,디자인,여,4.2,69.9,1,0
A0008,개발,남,1.8,59.5,3,0
A1135,마케팅,여,4.2,59.7,2,0
A0321,개발,여,0.8,56.3,2,0
A1048,마케팅,여,2.7,55.9,2,0
A0188,개발,남,3.7,55.3,3,0
A0982,마케팅,여,8.7,53.7,1,0
A0553,영업,여,7.1,82.3,2,0
A0305,개발,여,9.2,84.2,3,1
A0032,개발,남,2.0,63.3,3,1
A0838,디자인,여,5.7,86.3,1,1
A0685,디자인,여,10.6,69.6,2,0
A1182,마케팅,여,3.5,51.0,1,0
A0241,개발,남,2.8,60.6,1,1
A1003,마케팅,여,5.7,66.3,3,0
A0175,개발,남,2.5,62.1,1,1
A0246,개발,남,7.0,92.1,3,1
A0057,개발,남,4.6,72.5,1,1
A0631,디자인,남,4.3,59.7,1,0
A0584,영업,여,6.4,61.5,2,0
A1029,마케팅,여,0.0,73.5,1,1
A0146,개발,남,5.1,52.0,2,0
A0091,개발,남,4.4,88.2,2,1
A1118,마케팅,여,6.1,67.5,2,0
A0393,영업,남,4.9,71.0,3,0
A0683,디자인,여,7.3,74.4,2,0
A0311,개발,여,0.6,70.7,2,1
A0360,영업,남,5.6,73.4,1,1
A0094,개발,남,1.6,54.5,2,0
A0957,마케팅,여,7.7,75.9,2,0
A1028,마케팅,여,4.7,78.8,2,1
A0377,영업,남,3.6,45.0,2,0
A0244,개발,남,4.4,63.0,2,1
A1080,마케팅,여,1.9,56.4,1,1
A0088,개발,남,11.6,83.3,3,0
A0215,개발,남,2.6,72.9,1,1
A0445,영업,남,2.2,69.1,3,0
A0174,개발,남,2.0,69.8,1,1
A0426,영업,남,2.5,90.8,3,1
A1152,마케팅,여,0.0,43.4,1,0
A0119,개발,남,6.9,69.2,3,0
A0120,개발,남,2.4,68.9,2,0
A0916,마케팅,남,1.4,62.4,3,0
A0875,디자인,여,2.7,71.4,1,0
A0001,개발,남,7.3,67.5,3,0
A0395,영업,남,3.1,85.4,1,1
A0402,영업,남,3.7,69.1,3,1
A0405,영업,남,5.8,86.6,1,1
A0843,디자인,여,4.9,75.2,1,1
A0854,디자인,여,0.8,73.8,3,0
A0163,개발,남,4.5,63.0,3,1
A0115,개발,남,5.6,77.6,3,1
A0671,디자인,여,1.5,63.1,1,1
A0151,개발,남,1.6,63.9,2,1
A1160,마케팅,여,2.6,49.9,2,0
A0792,디자인,여,3.0,50.5,3,0
A1189,마케팅,여,4.4,75.3,3,0
A0369,영업,남,7.6,60.8,2,0
A0544,영업,남,4.8,68.5,1,1
A0478,영업,남,0.4,57.7,1,0
A1132,마케팅,여,8.9,58.7,3,0
A0533,영업,남,7.5,71.3,3,1
A0626,디자인,남,5.0,67.0,3,1
A0977,마케팅,여,0.2,50.1,2,0
A0513,영업,남,4.3,61.1,3,0
A0807,디자인,여,4.3,80.1,3,0
A0073,개발,남,3.7,75.4,1,0
A0259,개발,남,3.8,66.8,1,1
A0625,디자인,남,3.4,76.9,2,0
A0235,개발,남,3.3,70.6,1,1
A0136,개발,남,3.4,63.4,2,1
A0617,디자인,남,3.1,55.8,2,1
A0517,영업,남,5.5,74.4,3,0
A1062,마케팅,여,2.0,77.7,2,1
A0803,디자인,여,0.0,47.7,1,1
A0810,디자인,여,5.3,71.8,3,1
A0593,영업,여,9.2,80.1,1,1
A1072,마케팅,여,2.6,58.7,3,0
A0502,영업,남,9.9,79.3,2,1
A0539,영업,남,3.3,77.0,1,1
A1190,마케팅,여,6.0,63.5,3,0
A0729,디자인,여,6.7,87.8,1,0
A0582,영업,여,5.9,97.8,3,1
A0344,개발,여,5.5,84.7,3,1
A1078,마케팅,여,4.6,60.4,3,0
A0864,디자인,여,4.7,74.8,2,0
A0294,개발,남,3.4,50.0,2,0
A0365,영업,남,5.2,76.2,3,1
A0861,디자인,여,3.5,65.9,2,0
A0660,디자인,여,4.5,83.0,3,0
A0015,개발,남,8.4,72.6,3,1
A0687,디자인,여,6.1,56.4,2,0
A0087,개발,남,3.1,71.7,3,1
A0371,영업,남,3.2,59.3,3,0
A0166,개발,남,5.0,62.6,1,1
A0132,개발,남,5.9,83.4,1,1
A0336,개발,여,4.3,66.1,1,0
A0060,개발,남,1.6,60.0,3,1
A0710,디자인,여,6.2,58.5,2,0
A0677,디자인,여,4.8,52.9,1,0
A0355,영업,남,6.2,68.2,2,0
A0969,마케팅,여,2.1,61.0,3,0
A0425,영업,남,4.3,78.5,1,0
A0293,개발,남,3.0,70.5,2,0
A0042,개발,남,8.7,84.7,1,1
A0330,개발,여,2.2,71.3,1,1
A0615,디자인,남,2.2,73.7,1,1
A0430,영업,남,0.4,57.8,2,1
A0080,개발,남,4.7,85.3,3,0
A0694,디자인,여,5.8,70.9,1,0
A0029,개발,남,7.8,58.2,3,0
A0708,디자인,여,4.9,64.0,2,0
A0906,마케팅,남,4.6,70.5,1,0
A0900,디자인,여,1.5,78.8,1,1
A0255,개발,남,7.4,79.8,2,1
A0161,개발,남,6.1,76.5,1,1
A0459,영업,남,1.2,63.9,1,1
A0384,영업,남,5.0,64.1,3,0
A0314,개발,여,3.7,80.8,3,1
A0085,개발,남,3.0,67.7,3,0
A0575,영업,여,1.9,72.1,3,1
A0763,디자인,여,3.2,49.0,2,0
A0137,개발,남,6.6,82.5,2,1
A0112,개발,남,6.7,73.2,2,1
A0195,개발,남,8.0,89.6,1,0
A0853,디자인,여,4.9,69.7,3,0
A0179,개발,남,0.8,59.8,3,0
A0556,영업,여,3.0,56.3,2,1
A0724,디자인,여,5.7,71.8,1,0
A0996,마케팅,여,5.6,75.8,2,0
A0497,영업,남,6.4,83.4,2,1
A0867,디자인,여,3.3,64.3,3,1
A0806,디자인,여,2.4,55.7,1,1
A0130,개발,남,5.4,90.0,1,1
A0716,디자인,여,9.4,77.4,2,0
A0338,개발,여,8.5,72.1,1,1
A1191,마케팅,여,2.9,71.7,3,1
A0609,디자인,남,8.2,89.6,2,0
A0125,개발,남,4.5,84.5,3,1
A0196,개발,남,6.4,86.6,1,1
A0227,개발,남,7.9,62.5,2,0
A0690,디자인,여,8.1,60.8,2,0
A0269,개발,남,3.8,69.5,2,1
A0153,개발,남,3.4,59.9,2,0
A0585,영업,여,6.2,85.9,2,0
A0104,개발,남,5.7,49.2,1,0
A0594,영업,여,4.6,73.8,1,1
A1101,마케팅,여,0.0,69.2,3,1
A0787,디자인,여,7.2,65.5,1,0
A1124,마케팅,여,10.1,57.9,3,0
A0777,디자인,여,7.5,65.1,1,0
A0908,마케팅,남,5.8,55.1,2,0
A0850,디자인,여,5.7,64.0,3,0
A0228,개발,남,5.4,74.7,2,1
A1123,마케팅,여,3.7,73.1,2,0
A0302,개발,여,3.5,83.2,2,1
A0855,디자인,여,4.8,85.5,1,1
A0276,개발,남,5.6,66.0,3,1
A0127,개발,남,9.7,88.7,1,1
A0406,영업,남,6.2,79.0,1,1
A0776,디자인,여,2.1,65.1,3,0
A0822,디자인,여,6.3,66.1,2,0
A0712,디자인,여,7.0,80.6,2,1
A0766,디자인,여,1.4,60.9,1,1
A0684,디자인,여,5.2,76.2,1,0
A0750,디자인,여,4.9,66.1,3,0
A1126,마케팅,여,0.0,68.7,2,0
A0037,개발,남,3.3,85.7,3,1
A0140,개발,남,8.6,83.4,3,1
A0304,개발,여,4.1,54.9,1,1
A0268,개발,남,1.2,51.4,1,0
A0835,디자인,여,6.3,65.0,3,1
A0534,영업,남,5.2,84.4,1,1
A0546,영업,남,1.6,57.6,2,0
A0213,개발,남,0.0,66.5,1,0
A0897,디자인,여,4.7,78.4,3,0
A0469,영업,남,3.8,71.5,2,0
A0199,개발,남,1.6,86.5,1,1
A0868,디자인,여,4.5,59.8,3,0
A0673,디자인,여,7.5,64.4,3,0
A0528,영업,남,4.7,65.9,1,1
A0676,디자인,여,1.5,59.6,1,1
A1056,마케팅,여,3.6,71.3,1,0
A0815,디자인,여,0.0,54.9,1,0
A0242,개발,남,3.5,73.1,3,1
A0343,개발,여,2.7,78.6,2,1
A0550,영업,남,4.7,78.1,2,1
A0387,영업,남,2.6,54.8,3,0
A1105,마케팅,여,3.2,80.2,1,0
A0207,개발,남,7.1,63.1,3,1
A0296,개발,남,5.8,72.1,2,1
A0696,디자인,여,8.7,86.4,3,1
A1041,마케팅,여,3.7,58.0,3,0
A0074,개발,남,6.5,70.8,3,0
A0606,디자인,남,3.5,64.3,1,1
A0105,개발,남,4.3,62.5,3,1
A0952,마케팅,여,5.6,75.7,1,0
A1049,마케팅,여,3.9,75.3,1,1
A1171,마케팅,여,0.0,59.2,3,1
A0017,개발,남,0.0,66.9,2,1
A0440,영업,남,4.1,70.2,2,1
A0092,개발,남,5.5,79.0,2,1
A0089,개발,남,5.2,59.2,3,1
A1040,마케팅,여,6.6,71.3,3,0
A0909,마케팅,남,7.6,70.1,3,0
A0451,영업,남,1.3,73.0,2,1
A0718,디자인,여,5.1,68.6,3,0
A0103,개발,남,1.3,66.0,3,1
A0239,개발,남,5.5,77.0,1,1
A1043,마케팅,여,1.1,58.9,1,0
A0943,마케팅,남,5.2,72.5,3,1
A0247,개발,남,5.0,45.4,3,0
A0939,마케팅,남,2.2,54.1,1,0
A0984,마케팅,여,3.0,71.9,1,0
A0158,개발,남,4.2,85.0,3,1
A0480,영업,남,2.9,65.5,1,0
A0839,디자인,여,3.6,74.2,2,0
A0646,디자인,남,6.6,70.6,3,0
A0006,개발,남,3.3,69.6,1,1
A1079,마케팅,여,3.2,67.5,3,0
A0872,디자인,여,0.9,57.4,1,0
A0019,개발,남,5.4,74.5,3,1
A0973,마케팅,여,3.5,58.3,2,0
A0122,개발,남,5.6,87.0,3,1
A0947,마케팅,남,3.6,60.3,2,1
A0662,디자인,여,5.6,72.2,3,0
A0972,마케팅,여,7.8,74.8,1,1
A0275,개발,남,2.5,60.8,3,0
A0434,영업,남,4.4,68.1,1,1
A0812,디자인,여,1.0,58.2,1,0
A1131,마케팅,여,3.1,53.3,1,0
A0312,개발,여,0.9,63.0,3,1
A1115,마케팅,여,6.4,87.0,2,1
A1127,마케팅,여,7.6,46.2,2,0
A0781,디자인,여,2.6,48.5,3,0
A0547,영업,남,3.3,77.4,3,1
A0182,개발,남,4.4,63.0,1,1
A0185,개발,남,5.6,71.0,1,1
A0407,영업,남,7.1,71.0,3,1
A0720,디자인,여,2.9,66.6,2,0
A0979,마케팅,여,2.4,57.9,3,0
A0607,디자인,남,1.0,56.2,1,0
A0693,디자인,여,4.0,69.3,1,1
A0521,영업,남,1.1,63.3,3,1
A0866,디자인,여,7.0,58.2,2,0
A0381,영업,남,8.3,75.1,3,1
A0411,영업,남,1.1,58.3,2,1
A0635,디자인,남,3.1,58.7,2,0
A0370,영업,남,6.8,86.8,3,1
A1073,마케팅,여,8.4,66.9,1,0
A1087,마케팅,여,7.1,67.4,3,0
A0428,영업,남,0.7,71.7,2,1
A0877,디자인,여,6.8,64.9,3,0
A0079,개발,남,4.1,76.2,2,1
A0863,디자인,여,7.9,76.4,2,0
A0574,영업,여,4.3,77.4,1,1
A1181,마케팅,여,3.4,62.3,1,0
A0638,디자인,남,4.1,83.0,2,0
A0608,디자인,남,0.3,42.3,3,1
A1058,마케팅,여,5.1,59.5,1,0
A0069,개발,남,3.8,71.3,1,1
A0860,디자인,여,6.5,82.5,3,1
A1085,마케팅,여,5.1,82.8,3,1
A1149,마케팅,여,1.7,78.3,3,1
A0417,영업,남,2.9,67.9,3,1
A1022,마케팅,여,4.6,76.4,2,0
A0562,영업,여,4.7,60.7,3,1
A0904,마케팅,남,2.7,65.5,1,0
A0068,개발,남,4.9,78.0,1,0
A0537,영업,남,5.1,67.5,1,0
A0078,개발,남,5.9,76.8,1,0
A0106,개발,남,8.5,68.1,1,1
A1197,마케팅,여,3.3,65.7,2,0
A1046,마케팅,여,4.8,55.1,1,0
A0959,마케팅,여,1.8,72.8,2,0
A0639,디자인,남,4.9,56.5,2,0
A0560,영업,여,3.6,51.6,2,1
A0847,디자인,여,6.6,65.3,3,0
A0689,디자인,여,6.2,70.8,3,0
A0691,디자인,여,4.8,56.7,2,0
A0827,디자인,여,3.5,75.2,3,1
A1112,마케팅,여,3.4,58.4,2,0
A1159,마케팅,여,3.5,70.3,1,0
A1113,마케팅,여,4.1,75.2,3,0
A0736,디자인,여,1.3,52.3,1,0
A1009,마케팅,여,5.9,60.6,3,1
A0437,영업,남,0.6,63.9,2,1
A0491,영업,남,5.3,68.2,1,0
A1193,마케팅,여,2.0,57.3,2,0
A0830,디자인,여,1.2,62.9,3,1
A1094,마케팅,여,3.3,75.8,1,1
A0070,개발,남,6.4,66.9,3,0
A0809,디자인,여,6.5,72.6,2,1
A0012,개발,남,0.0,71.6,1,1
A0145,개발,남,1.1,53.0,2,1
A0918,마케팅,남,6.8,71.4,3,1
A0640,디자인,남,2.5,52.4,1,0
A0177,개발,남,5.1,61.2,1,0
A0995,마케팅,여,5.9,73.3,3,1
A0441,영업,남,3.2,56.5,2,1
A0522,영업,남,5.2,53.4,1,0
A1005,마케팅,여,0.8,65.8,1,0
A0144,개발,남,7.0,74.8,1,1
A0754,디자인,여,7.9,78.9,3,1
A0520,영업,남,5.8,62.5,1,0
A0823,디자인,여,1.3,64.5,1,0
A0429,영업,남,6.0,81.1,3,0
A0613,디자인,남,7.0,68.3,2,1
A1033,마케팅,여,2.5,77.9,1,1
A0157,개발,남,5.8,76.7,3,1
A0540,영업,남,4.7,69.9,2,1
A0462,영업,남,2.9,61.3,2,0
A0577,영업,여,5.0,72.0,3,1
A0256,개발,남,5.2,52.5,2,1
A0980,마케팅,여,0.8,53.5,3,0
A1007,마케팅,여,5.2,70.5,2,0
A0561,영업,여,5.5,50.9,3,0
A0209,개발,남,11.0,88.5,1,1
A0911,마케팅,남,4.6,68.7,2,1
A0002,개발,남,4.1,62.1,2,1
A0270,개발,남,6.8,51.4,1,1
A0266,개발,남,6.5,65.2,3,1
A0915,마케팅,남,3.4,59.6,3,0
A0231,개발,남,3.8,74.1,3,0
A1180,마케팅,여,1.0,54.5,1,0
A1176,마케팅,여,2.8,75.6,1,0
A0865,디자인,여,2.7,67.8,1,0
A0874,디자인,여,1.5,53.7,3,1
A1066,마케팅,여,7.6,88.1,1,1
A0399,영업,남,2.6,56.0,1,0
A1088,마케팅,여,3.1,71.6,1,0
A0046,개발,남,7.9,65.4,2,0
A0162,개발,남,4.4,64.3,3,0
A0992,마케팅,여,3.3,59.7,3,0
A0728,디자인,여,5.2,82.0,3,1
A0630,디자인,남,3.4,74.9,1,0
A0289,개발,남,6.4,73.7,2,1
A1060,마케팅,여,8.6,71.4,3,0
A1166,마케팅,여,2.5,51.4,3,0
A0576,영업,여,3.9,63.6,1,1
A0851,디자인,여,7.2,66.2,2,0
A0912,마케팅,남,7.5,69.5,1,0
A1081,마케팅,여,7.2,66.0,1,0
A0933,마케팅,남,5.5,71.0,2,0
A0248,개발,남,4.7,88.8,2,1
A0477,영업,남,5.8,79.3,2,1
A0086,개발,남,3.1,56.2,1,0
A0470,영업,남,5.1,72.1,3,0
A0226,개발,남,4.7,81.7,2,1
A0775,디자인,여,1.3,54.1,1,0
A0332,개발,여,1.4,72.8,2,1
A0234,개발,남,7.7,52.4,2,1
A0589,영업,여,4.6,59.3,2,0
A0476,영업,남,6.2,65.0,3,1
A0600,영업,여,3.6,75.6,2,1
A0422,영업,남,4.3,71.3,2,1
A0183,개발,남,2.4,70.5,1,0
A0989,마케팅,여,5.3,64.3,3,0
A1001,마케팅,여,4.4,67.4,1,0
A0050,개발,남,8.7,81.2,3,0
A1120,마케팅,여,6.3,67.4,2,0
A1030,마케팅,여,4.1,66.0,2,0
A0530,영업,남,5.5,54.0,3,0
A0487,영업,남,4.5,64.5,3,1
A0498,영업,남,3.4,60.8,1,0
A0107,개발,남,5.7,53.0,3,0
A0444,영업,남,3.6,64.4,2,1
A0647,디자인,남,3.4,50.9,3,0
A1037,마케팅,여,0.0,61.3,1,1
A0727,디자인,여,7.2,53.8,3,0
A0191,개발,남,9.4,73.0,3,0
A0283,개발,남,5.5,66.1,3,1
A0030,개발,남,4.6,60.0,2,0
A0170,개발,남,1.8,55.7,2,0
A1002,마케팅,여,2.1,57.7,2,0
A0101,개발,남,6.3,66.5,2,1
A0198,개발,남,6.7,68.0,1,0
A0496,영업,남,2.8,48.2,3,1
A0648,디자인,남,2.6,68.4,1,0
A0988,마케팅,여,2.5,72.2,1,0
A0045,개발,남,6.1,71.5,2,1
A0711,디자인,여,7.9,73.9,1,0
A0374,영업,남,5.1,89.6,2,1
A0679,디자인,여,5.0,67.8,2,0
A0567,영업,여,5.2,55.8,1,0
A0848,디자인,여,3.9,47.6,3,0
A0461,영업,남,3.3,59.4,2,1
A0040,개발,남,4.9,66.5,2,1
A0435,영업,남,1.2,56.7,1,0
A0974,마케팅,여,6.0,79.9,2,0
A1008,마케팅,여,4.2,84.1,3,0
A0457,영업,남,7.2,79.7,1,1
A0261,개발,남,1.2,70.9,2,1
A0036,개발,남,5.6,82.1,1,1
A0828,디자인,여,2.4,71.1,1,1
A0310,개발,여,2.6,74.7,3,1
A0277,개발,남,3.3,68.3,3,1
A0637,디자인,남,6.9,76.5,2,0
A0655,디자인,여,5.7,93.6,1,0
A0623,디자인,남,3.9,71.4,2,1
A0845,디자인,여,4.7,54.9,1,0
A0394,영업,남,5.7,81.0,3,1
A0108,개발,남,1.1,52.9,3,0
A0350,개발,여,1.9,72.1,2,1
A0525,영업,남,4.1,70.8,3,0
A0785,디자인,여,7.0,83.7,3,1
A0048,개발,남,4.3,69.2,3,1
A0204,개발,남,2.8,74.3,2,1
A0022,개발,남,8.5,81.6,2,1
A0403,영업,남,5.6,73.6,3,0
A1108,마케팅,여,6.3,58.1,3,0
A0990,마케팅,여,4.3,69.8,3,1
A0742,디자인,여,3.8,62.9,1,1
A1148,마케팅,여,2.7,79.9,1,1
A0034,개발,남,7.2,66.9,2,1
A0788,디자인,여,2.3,61.0,3,0
A0924,마케팅,남,4.2,72.6,3,0
A1044,마케팅,여,9.4,57.3,2,0
A1155,마케팅,여,0.0,56.3,3,0
A0580,영업,여,4.0,83.2,1,1
A0482,영업,남,0.9,52.6,3,1
A0932,마케팅,남,4.2,56.4,2,0
A0357,영업,남,3.5,61.8,1,1
A0760,디자인,여,3.2,62.5,2,0
A0093,개발,남,5.9,79.2,2,1
A0804,디자인,여,3.8,78.3,1,0
A0746,디자인,여,5.6,61.5,1,0
A0280,개발,남,5.9,59.2,3,0
A0765,디자인,여,2.7,63.5,1,0
A0605,디자인,남,4.4,67.8,1,0
A1187,마케팅,여,5.1,72.5,2,0
A0401,영업,남,7.0,69.4,2,1
A0258,개발,남,5.7,67.6,1,1
A0945,마케팅,남,5.5,59.8,2,0
A1097,마케팅,여,3.4,56.2,2,0
A1162,마케팅,여,4.3,73.4,1,1
A0495,영업,남,1.5,58.0,1,1
A0773,디자인,여,3.3,65.3,1,1
A0551,영업,여,7.1,69.6,1,1
A0202,개발,남,3.8,70.7,2,0
A0313,개발,여,0.3,56.0,1,0
A0291,개발,남,5.3,72.4,2,0
A0764,디자인,여,3.2,58.5,3,0
A1137,마케팅,여,0.1,62.8,3,0
A0950,마케팅,남,8.9,71.0,1,0
A0184,개발,남,6.1,85.8,3,1
A1177,마케팅,여,5.6,65.3,2,0
A1069,마케팅,여,5.2,67.4,1,0
A1031,마케팅,여,0.9,51.7,1,0
A0251,개발,남,3.1,63.0,2,1
A0824,디자인,여,1.9,53.2,3,0
A1100,마케팅,여,2.8,85.8,1,1
A0941,마케팅,남,6.4,48.9,1,0
A0392,영업,남,3.8,72.0,1,1
A1093,마케팅,여,2.3,64.0,1,0
A0905,마케팅,남,2.7,60.3,2,0
A0731,디자인,여,3.3,68.8,1,0
A0555,영업,여,2.1,50.7,1,1
A0367,영업,남,7.0,70.3,3,0
A0346,개발,여,7.6,79.1,3,0
A0536,영업,남,3.8,58.4,2,1
A0920,마케팅,남,1.8,76.1,2,0
A0212,개발,남,3.0,63.0,3,1
A0503,영업,남,5.3,58.2,1,1
A0538,영업,남,4.9,92.2,3,1
A0176,개발,남,6.3,78.1,1,1
